temperature,humidity,wind_speed,pressure,uv_index,rain_prob,season,time_of_day,feel_category
12.6,72.9,71.6,961.5,1.7,18.4,Autumn,Morning,Cold
16.9,65.8,6.8,1030.5,1.9,0.0,Spring,Night,Cool
18.6,63.6,0.8,855.8,4.7,16.0,Autumn,Morning,Cool
15.1,55.1,94.2,899.9,1.0,23.7,Autumn,Night,Cool
26.5,71.0,7.8,1087.2,7.8,88.5,Rainy,Morning,Comfortable
27.4,67.6,52.8,880.5,10.0,1.4,Summer,Afternoon,Comfortable
29.6,71.5,51.0,902.0,1.1,1.3,Summer,Night,Comfortable
-4.3,51.7,111.2,1031.8,3.3,22.8,Winter,Afternoon,Freezing
23.5,76.4,89.7,984.9,5.1,38.6,Autumn,Morning,Pleasant
13.9,46.3,19.8,853.9,0.8,15.8,Autumn,Night,Cold
27.9,90.5,92.6,868.5,0.7,47.0,Rainy,Evening,Comfortable
36.2,13.8,44.5,1017.2,1.3,23.7,Summer,Night,Hot
24.6,69.2,85.6,1040.2,1.1,86.3,Rainy,Evening,Pleasant
27.9,68.9,52.7,900.4,7.3,68.5,Rainy,Morning,Comfortable
24.0,37.7,72.5,985.0,0.4,37.7,Spring,Night,Pleasant
20.3,97.5,97.0,1008.4,1.7,88.2,Rainy,Evening,Pleasant
22.5,59.7,96.9,1074.0,0.6,4.4,Autumn,Night,Pleasant
35.7,42.7,103.3,851.7,1.0,16.7,Summer,Evening,Hot
16.6,48.6,113.1,930.8,4.6,28.1,Spring,Morning,Cool
49.3,48.5,30.2,974.3,8.0,11.4,Summer,Afternoon,Extreme Heat
40.2,30.1,6.2,919.7,1.8,9.6,Summer,Evening,Very Hot
-2.9,84.2,29.0,1018.0,6.3,54.3,Winter,Morning,Freezing
27.8,51.9,98.0,1049.6,0.3,20.3,Spring,Night,Comfortable
22.7,67.3,2.0,978.0,0.5,25.8,Spring,Evening,Pleasant
19.7,51.3,112.4,884.4,3.4,4.5,Autumn,Morning,Cool
-12.0,39.6,117.9,979.2,0.5,39.9,Winter,Evening,Very Freezing
22.6,64.8,40.7,937.3,6.1,35.9,Autumn,Morning,Pleasant
46.3,47.4,94.2,1017.2,1.2,14.9,Summer,Night,Extreme Heat
49.3,21.4,36.6,971.4,0.9,39.8,Summer,Evening,Extreme Heat
10.3,57.2,21.5,941.6,6.2,28.8,Autumn,Morning,Cold
27.3,50.2,31.8,911.0,1.9,15.7,Summer,Night,Comfortable
29.1,82.6,69.2,973.1,0.4,83.3,Rainy,Evening,Comfortable
18.3,87.6,21.3,1085.1,1.9,94.9,Rainy,Night,Cool
18.2,97.5,51.4,1091.7,1.9,91.2,Rainy,Night,Cool
17.5,44.8,58.2,943.2,3.8,33.8,Spring,Morning,Cool
19.0,72.3,80.5,939.7,0.5,57.7,Rainy,Night,Cool
9.7,37.5,85.1,988.2,3.1,16.8,Winter,Morning,Cold
1.4,34.5,0.6,1007.0,2.4,2.8,Winter,Morning,Very Cold
14.7,50.7,11.3,994.6,0.1,18.6,Autumn,Evening,Cold
22.7,31.7,4.5,1055.7,3.5,5.1,Spring,Afternoon,Pleasant
44.2,18.6,74.7,871.3,0.1,21.3,Summer,Night,Very Hot
19.9,69.6,116.3,1028.6,0.1,63.9,Rainy,Evening,Cool
28.4,73.8,22.1,870.2,0.9,81.3,Rainy,Night,Comfortable
47.9,27.7,28.8,873.5,6.8,37.4,Summer,Afternoon,Extreme Heat
37.9,36.3,52.3,1032.5,0.1,22.6,Summer,Night,Hot
19.7,77.0,11.0,873.5,3.2,98.8,Rainy,Morning,Cool
15.2,72.0,96.8,936.6,0.9,26.0,Spring,Night,Cool
13.2,78.8,31.3,853.8,7.5,20.0,Winter,Afternoon,Cold
17.1,33.9,77.1,856.6,5.1,37.6,Spring,Morning,Cool
18.0,37.1,97.3,1055.2,5.4,32.8,Autumn,Afternoon,Cool
-13.1,33.8,12.1,854.6,0.2,27.3,Winter,Evening,Very Freezing
33.0,76.5,2.8,1053.6,7.8,4.7,Summer,Afternoon,Warm
23.2,78.3,88.2,1050.9,3.0,7.1,Spring,Afternoon,Pleasant
45.2,49.6,49.5,943.0,1.6,13.6,Summer,Night,Extreme Heat
20.6,71.3,90.5,875.8,1.8,20.2,Spring,Night,Pleasant
32.4,35.5,6.4,1089.6,13.5,14.2,Summer,Afternoon,Warm
19.5,56.5,59.2,870.8,1.6,24.1,Autumn,Afternoon,Cool
13.0,82.0,93.8,878.4,1.9,98.5,Autumn,Evening,Cold
5.8,60.0,84.7,1092.2,5.8,33.5,Winter,Morning,Very Cold
46.0,27.0,26.7,949.2,13.9,5.9,Summer,Morning,Extreme Heat
18.0,62.0,103.6,1070.1,2.7,36.3,Spring,Morning,Cool
19.6,68.9,57.8,944.5,1.4,9.9,Spring,Night,Cool
24.1,73.9,48.6,992.9,1.5,86.0,Rainy,Evening,Pleasant
43.7,33.3,115.5,943.7,0.6,34.7,Summer,Evening,Very Hot
25.4,83.8,66.7,930.7,1.3,95.5,Spring,Afternoon,Comfortable
13.5,68.2,9.1,891.6,2.5,11.8,Autumn,Morning,Cold
42.4,25.4,88.5,1078.8,14.6,2.3,Summer,Morning,Very Hot
18.7,45.3,22.6,965.9,0.7,23.3,Autumn,Night,Cool
23.6,84.2,83.8,984.0,3.2,88.8,Autumn,Morning,Pleasant
12.3,80.1,98.7,1087.4,1.5,76.8,Autumn,Night,Cold
12.6,77.6,5.4,856.6,3.6,32.4,Winter,Afternoon,Cold
39.9,25.2,116.4,1060.5,1.7,18.7,Summer,Evening,Hot
21.8,67.0,103.8,1053.2,2.0,99.8,Rainy,Evening,Pleasant
25.0,82.0,102.0,911.8,0.9,47.7,Spring,Evening,Comfortable
26.5,73.0,80.6,1004.5,3.5,46.8,Rainy,Morning,Comfortable
-1.8,72.5,62.4,1063.0,4.9,22.4,Winter,Afternoon,Freezing
26.3,81.8,50.5,1046.2,5.5,88.3,Rainy,Morning,Comfortable
14.9,62.4,47.1,959.4,7.3,13.9,Autumn,Afternoon,Cold
47.8,21.9,62.8,1024.4,1.6,18.4,Summer,Night,Extreme Heat
44.2,12.6,5.5,1005.2,8.5,8.4,Summer,Afternoon,Very Hot
22.8,83.8,55.2,996.2,0.8,81.9,Rainy,Night,Pleasant
19.8,52.6,104.9,978.8,1.9,24.1,Autumn,Night,Cool
29.5,77.1,41.7,858.0,1.1,72.1,Rainy,Evening,Comfortable
22.5,37.1,39.6,930.4,1.6,19.2,Autumn,Afternoon,Pleasant
23.3,65.1,104.2,871.1,1.2,99.2,Rainy,Evening,Pleasant
-7.1,55.4,89.7,859.2,0.5,28.5,Winter,Night,Freezing
18.4,95.4,42.5,949.3,0.2,84.2,Rainy,Evening,Cool
17.9,76.2,10.7,983.8,2.6,13.7,Autumn,Afternoon,Cool
33.9,65.7,57.5,996.0,1.5,22.3,Summer,Night,Warm
28.2,45.6,43.6,1011.5,1.1,14.2,Summer,Night,Comfortable
22.9,43.0,12.2,888.2,2.7,6.4,Spring,Afternoon,Pleasant
22.0,71.1,107.6,870.1,4.7,64.6,Rainy,Afternoon,Pleasant
11.6,51.9,116.3,1066.4,1.6,10.3,Autumn,Night,Cold
31.0,84.5,68.6,920.0,6.4,51.2,Rainy,Afternoon,Warm
12.8,70.5,63.6,1026.8,1.5,3.5,Autumn,Evening,Cold
24.7,83.6,6.2,934.2,0.3,43.8,Rainy,Evening,Pleasant
14.5,74.5,30.6,1020.4,6.3,23.8,Autumn,Afternoon,Cold
19.5,94.8,89.5,952.1,7.5,99.5,Rainy,Afternoon,Cool
-6.7,81.0,86.6,862.0,1.6,89.7,Winter,Night,Freezing
25.4,75.4,22.4,908.9,5.4,36.3,Spring,Afternoon,Comfortable
39.7,37.3,54.2,1028.4,14.0,25.0,Summer,Morning,Hot
36.0,33.1,42.6,947.9,1.1,2.7,Summer,Evening,Hot
19.6,97.9,75.3,933.7,0.3,87.6,Rainy,Evening,Cool
21.9,79.2,94.6,887.9,3.2,9.9,Spring,Morning,Pleasant
30.1,69.3,59.3,1038.7,6.0,21.5,Summer,Afternoon,Warm
11.8,51.9,95.7,887.5,2.6,28.9,Autumn,Morning,Cold
2.4,68.2,65.1,912.9,0.7,7.3,Winter,Evening,Very Cold
0.4,52.0,55.4,1086.8,0.3,23.4,Winter,Night,Very Cold
-11.0,69.9,71.2,875.6,7.4,31.6,Winter,Morning,Very Freezing
23.5,72.4,44.9,867.2,0.2,4.2,Spring,Night,Pleasant
47.8,14.9,28.3,891.4,6.9,33.5,Summer,Afternoon,Extreme Heat
32.8,42.5,72.9,944.8,1.5,8.2,Summer,Evening,Warm
40.1,14.6,49.7,1065.9,14.2,18.6,Summer,Morning,Very Hot
30.9,85.5,3.9,1078.2,2.7,74.7,Rainy,Afternoon,Warm
10.5,47.1,93.7,919.4,2.5,8.5,Autumn,Afternoon,Cold
49.4,28.4,66.9,1065.2,1.1,7.4,Summer,Evening,Extreme Heat
26.7,71.2,25.2,1074.5,0.4,7.6,Summer,Night,Comfortable
21.1,61.1,7.9,1043.9,4.2,21.0,Spring,Morning,Pleasant
15.6,60.8,18.6,895.5,7.0,37.8,Autumn,Morning,Cool
11.4,59.0,96.1,1094.7,6.9,34.7,Winter,Afternoon,Cold
30.5,42.7,80.6,854.9,6.0,32.0,Summer,Morning,Warm
27.1,73.3,11.9,910.8,1.4,91.3,Rainy,Evening,Comfortable
23.6,88.4,24.6,923.3,1.8,40.8,Rainy,Night,Pleasant
46.2,14.9,105.2,1010.7,1.4,36.4,Summer,Evening,Extreme Heat
19.4,75.4,43.6,858.6,1.7,13.8,Spring,Night,Cool
46.5,18.8,116.9,1044.9,6.1,22.6,Summer,Afternoon,Extreme Heat
24.6,71.4,58.2,978.1,6.2,81.9,Rainy,Afternoon,Pleasant
30.5,65.5,50.6,883.1,1.8,27.6,Summer,Evening,Warm
25.7,59.1,97.8,974.5,0.1,16.2,Spring,Evening,Comfortable
-12.8,30.6,16.4,1075.0,1.7,23.9,Winter,Night,Very Freezing
19.3,39.6,109.7,954.7,3.7,20.8,Autumn,Morning,Cool
13.6,40.1,10.8,1042.7,0.1,33.5,Winter,Night,Cold
30.8,90.3,73.2,1087.3,0.8,97.2,Rainy,Night,Warm
17.8,31.7,31.5,998.8,0.1,19.9,Spring,Night,Cool
19.3,72.4,12.8,868.8,1.5,19.8,Spring,Evening,Cool
24.1,73.6,98.3,1049.9,1.4,56.3,Rainy,Night,Pleasant
-7.4,35.0,110.1,884.2,1.9,17.8,Winter,Night,Freezing
23.4,71.7,76.7,1039.8,6.1,25.5,Autumn,Afternoon,Pleasant
37.2,18.8,118.5,1086.0,5.4,28.2,Summer,Afternoon,Hot
38.9,28.9,37.5,880.1,1.5,7.7,Summer,Evening,Hot
13.0,56.1,103.4,1061.1,0.6,33.2,Winter,Evening,Cold
39.9,19.2,14.5,869.2,12.0,13.6,Summer,Afternoon,Hot
14.4,59.7,94.9,929.7,1.3,35.4,Autumn,Evening,Cold
-11.8,31.3,104.4,855.3,1.7,21.2,Winter,Night,Very Freezing
32.0,77.3,92.1,950.5,1.0,77.7,Rainy,Evening,Warm
15.6,35.0,40.4,980.6,1.5,0.1,Autumn,Evening,Cool
18.9,76.9,85.9,997.3,2.9,36.4,Spring,Afternoon,Cool
34.6,67.4,26.2,1087.5,1.6,3.6,Summer,Evening,Warm
26.6,70.8,118.9,907.9,7.6,79.0,Rainy,Afternoon,Comfortable
21.7,42.7,21.2,905.1,0.4,31.2,Spring,Evening,Pleasant
23.2,41.9,62.2,999.3,4.7,10.4,Spring,Morning,Pleasant
24.9,99.9,107.7,965.8,5.4,84.9,Rainy,Afternoon,Pleasant
47.4,44.4,54.9,947.8,7.7,19.1,Summer,Morning,Extreme Heat
29.9,66.2,39.5,1082.9,6.1,56.9,Rainy,Morning,Comfortable
10.1,68.3,5.9,983.2,1.9,4.4,Autumn,Evening,Cold
23.9,33.4,105.9,979.0,7.3,22.9,Autumn,Morning,Pleasant
-0.2,44.7,105.4,1049.4,1.3,34.0,Winter,Night,Freezing
27.9,94.3,83.7,1020.0,1.2,85.2,Rainy,Night,Comfortable
27.5,55.6,105.5,851.3,1.6,9.1,Spring,Evening,Comfortable
-0.5,71.6,31.0,898.3,0.2,13.1,Winter,Night,Freezing
27.9,50.7,1.1,1054.7,6.3,11.3,Summer,Morning,Comfortable
13.7,48.8,75.9,1083.0,1.7,37.5,Winter,Morning,Cold
23.3,39.2,92.5,1027.1,4.3,2.3,Autumn,Afternoon,Pleasant
30.2,99.1,116.3,1037.4,1.9,85.5,Rainy,Afternoon,Warm
25.7,50.5,98.3,913.1,0.0,6.4,Spring,Evening,Comfortable
13.1,35.6,102.5,981.8,6.8,11.9,Winter,Morning,Cold
3.8,66.0,32.8,1087.7,0.3,17.3,Winter,Evening,Very Cold
20.5,65.1,47.7,918.6,2.0,16.4,Spring,Evening,Pleasant
13.2,41.7,3.7,1012.9,3.6,34.6,Autumn,Afternoon,Cold
20.2,72.1,10.9,888.4,0.9,71.8,Rainy,Night,Pleasant
19.8,66.1,110.5,1004.2,6.6,68.9,Rainy,Morning,Cool
42.1,27.2,24.1,972.9,5.6,23.3,Summer,Afternoon,Very Hot
25.4,47.1,54.6,852.9,1.5,15.7,Spring,Afternoon,Comfortable
28.6,98.3,108.9,1031.1,6.2,48.8,Rainy,Morning,Comfortable
18.0,31.0,57.9,902.6,3.4,31.0,Autumn,Morning,Cool
-17.5,59.4,105.9,870.6,1.6,14.3,Winter,Night,Very Freezing
-0.1,67.9,96.1,900.0,2.2,4.2,Winter,Afternoon,Freezing
27.9,66.1,112.3,863.0,4.8,82.5,Rainy,Morning,Comfortable
8.1,48.7,97.8,870.0,1.8,21.9,Winter,Night,Cold
-4.2,65.4,63.2,1032.9,1.6,2.4,Winter,Afternoon,Freezing
16.7,63.9,39.5,967.5,6.2,34.9,Autumn,Morning,Cool
15.6,38.9,2.5,1013.3,0.7,21.7,Spring,Evening,Cool
19.1,79.1,26.5,954.6,0.4,90.4,Rainy,Evening,Cool
49.0,26.6,101.5,1007.2,12.4,30.7,Summer,Afternoon,Extreme Heat
17.6,58.3,70.6,857.3,0.8,24.2,Autumn,Night,Cool
-5.2,45.2,71.1,1078.1,0.4,24.9,Winter,Night,Freezing
18.1,72.7,48.6,1000.5,1.3,14.9,Spring,Evening,Cool
-5.5,33.8,52.5,874.3,0.8,23.7,Winter,Evening,Freezing
39.8,16.5,46.9,1092.4,0.5,26.3,Summer,Night,Hot
40.0,25.9,28.4,908.7,1.8,17.7,Summer,Night,Very Hot
-8.2,75.6,51.7,912.2,5.3,28.3,Winter,Morning,Freezing
10.5,70.5,79.7,968.7,1.7,32.2,Autumn,Night,Cold
22.2,41.3,13.4,917.4,0.1,21.2,Autumn,Evening,Pleasant
10.6,36.7,54.3,1083.5,3.2,20.3,Autumn,Afternoon,Cold
15.6,56.4,82.3,854.3,3.3,38.9,Autumn,Afternoon,Cool
22.8,83.6,15.1,883.2,2.0,96.4,Rainy,Afternoon,Pleasant
12.3,40.4,87.7,889.0,0.5,38.5,Autumn,Evening,Cold
9.3,82.0,82.0,974.3,5.3,92.1,Winter,Morning,Cold
27.8,73.8,110.2,1000.2,1.9,33.1,Summer,Night,Comfortable
16.4,66.2,119.9,862.1,7.8,16.3,Spring,Morning,Cool
16.2,45.9,13.1,1012.6,6.4,37.0,Spring,Morning,Cool
30.6,95.7,38.1,1067.2,3.6,57.8,Rainy,Afternoon,Warm
33.1,50.2,47.5,1023.9,8.9,17.9,Summer,Morning,Warm
34.3,42.5,8.8,1000.9,1.3,24.8,Summer,Night,Warm
38.6,48.1,101.7,1078.6,1.6,4.4,Summer,Evening,Hot
21.8,43.5,57.2,948.6,4.8,29.9,Spring,Afternoon,Pleasant
17.3,75.2,51.7,1074.2,0.1,38.2,Autumn,Evening,Cool
15.3,40.8,57.5,898.6,0.3,24.7,Autumn,Evening,Cool
23.7,81.1,63.9,995.2,0.2,83.1,Spring,Night,Pleasant
14.2,75.3,62.7,880.8,7.0,32.0,Winter,Morning,Cold
29.6,80.5,50.9,871.8,13.2,62.4,Summer,Afternoon,Comfortable
16.5,30.1,76.6,978.8,5.2,31.7,Spring,Afternoon,Cool
-5.6,76.2,108.0,938.4,0.5,31.2,Winter,Night,Freezing
8.8,53.3,80.1,873.9,1.2,18.1,Winter,Night,Cold
-14.1,70.5,103.5,904.2,1.7,0.9,Winter,Morning,Very Freezing
20.9,87.3,30.8,1008.0,0.1,48.5,Rainy,Night,Pleasant
27.7,79.2,51.4,1029.4,1.4,99.5,Rainy,Evening,Comfortable
11.5,69.8,69.4,918.5,1.6,3.4,Autumn,Afternoon,Cold
29.8,47.8,27.2,938.7,0.1,20.8,Summer,Night,Comfortable
8.0,42.9,64.8,1070.0,1.3,21.3,Winter,Night,Cold
19.3,66.8,119.3,1015.5,4.9,29.2,Spring,Afternoon,Cool
18.1,34.9,115.4,1008.7,1.5,6.8,Autumn,Night,Cool
-5.2,75.2,0.1,925.2,7.9,19.0,Winter,Afternoon,Freezing
20.2,38.4,119.1,1081.8,1.1,33.7,Spring,Evening,Pleasant
23.1,34.9,90.6,881.9,1.7,31.3,Spring,Night,Pleasant
-18.7,46.7,31.6,940.0,1.6,37.5,Winter,Morning,Very Freezing
32.6,51.8,53.7,1000.1,10.2,36.8,Summer,Morning,Warm
31.9,94.8,25.0,1082.6,0.2,89.0,Rainy,Evening,Warm
30.3,95.4,96.7,1047.5,3.1,44.9,Rainy,Afternoon,Warm
17.3,68.2,41.5,1093.9,1.3,32.9,Spring,Evening,Cool
46.6,46.9,58.4,1001.6,12.6,7.0,Summer,Morning,Extreme Heat
23.6,70.1,44.1,867.0,0.1,48.1,Rainy,Evening,Pleasant
17.7,83.1,51.9,928.0,4.5,66.4,Autumn,Morning,Cool
19.0,41.9,74.4,1012.6,0.3,2.5,Autumn,Evening,Cool
24.4,67.0,119.4,864.4,5.9,99.0,Rainy,Afternoon,Pleasant
20.0,69.2,36.4,875.3,5.8,43.7,Rainy,Morning,Pleasant
24.0,74.8,73.8,926.6,1.2,21.1,Autumn,Night,Pleasant
7.7,52.3,78.5,938.6,1.1,19.3,Winter,Evening,Very Cold
25.0,30.6,49.9,970.3,1.1,10.4,Spring,Morning,Comfortable
-15.2,59.4,25.8,853.0,0.5,39.0,Winter,Evening,Very Freezing
13.6,56.8,13.2,987.0,4.2,33.8,Winter,Morning,Cold
16.7,77.6,29.2,1012.9,6.7,24.6,Spring,Afternoon,Cool
20.1,82.6,16.0,875.5,5.6,96.6,Spring,Afternoon,Pleasant
-17.3,45.4,111.6,913.3,1.6,33.0,Winter,Night,Very Freezing
11.3,65.0,73.7,866.7,1.0,6.0,Winter,Night,Cold
16.2,32.6,4.6,1036.6,5.6,32.1,Autumn,Morning,Cool
18.5,82.8,46.5,965.5,2.0,98.2,Rainy,Night,Cool
29.0,77.4,49.5,987.4,1.7,44.1,Rainy,Evening,Comfortable
-17.1,58.3,107.9,1045.6,2.6,39.0,Winter,Afternoon,Very Freezing
-15.8,63.8,93.0,1011.0,1.1,1.7,Winter,Evening,Very Freezing
8.0,46.1,117.6,1000.5,5.1,29.9,Winter,Afternoon,Cold
11.8,48.6,111.4,906.2,3.6,17.3,Autumn,Afternoon,Cold
18.6,81.9,28.9,880.4,2.4,93.2,Autumn,Afternoon,Cool
23.7,47.4,105.5,914.6,1.1,25.4,Spring,Evening,Pleasant
25.9,70.1,93.2,1014.0,2.2,21.8,Spring,Afternoon,Comfortable
31.1,66.5,19.8,882.9,6.1,89.1,Rainy,Morning,Warm
29.8,90.6,65.1,997.6,1.0,57.9,Rainy,Evening,Comfortable
27.6,95.6,76.4,1040.3,0.3,67.7,Rainy,Evening,Comfortable
43.2,49.7,11.9,950.4,1.6,8.2,Summer,Night,Very Hot
5.7,63.9,22.6,938.8,6.5,22.2,Winter,Morning,Very Cold
9.4,75.8,1.3,1037.4,6.3,27.1,Winter,Afternoon,Cold
22.3,95.7,119.6,942.1,0.9,83.3,Rainy,Evening,Pleasant
23.5,79.4,83.5,850.8,5.3,61.3,Rainy,Afternoon,Pleasant
27.3,62.4,57.7,1010.6,5.6,23.2,Summer,Morning,Comfortable
10.7,56.8,71.9,1000.5,0.0,12.9,Autumn,Night,Cold
27.7,91.1,117.8,902.5,6.8,71.2,Rainy,Afternoon,Comfortable
16.6,70.5,28.3,942.9,0.1,32.1,Spring,Night,Cool
31.1,87.5,50.5,1009.0,6.5,47.1,Rainy,Morning,Warm
20.4,82.3,24.4,991.4,2.0,49.9,Autumn,Evening,Pleasant
26.2,85.5,83.7,1082.4,6.5,43.4,Rainy,Morning,Comfortable
21.2,78.2,55.4,970.2,4.0,96.2,Rainy,Afternoon,Pleasant
18.8,32.7,108.5,1077.3,6.5,0.3,Autumn,Afternoon,Cool
30.6,37.2,47.9,1080.7,9.7,0.5,Summer,Afternoon,Warm
14.0,44.4,29.6,1076.6,2.7,10.9,Autumn,Afternoon,Cold
7.2,33.6,58.5,858.4,1.4,36.3,Winter,Morning,Very Cold
38.3,26.4,41.7,1075.0,5.2,26.6,Summer,Morning,Hot
17.8,81.5,6.3,954.7,0.5,83.8,Autumn,Night,Cool
-11.0,66.0,23.8,991.3,4.2,38.9,Winter,Morning,Very Freezing
12.6,31.2,86.4,954.5,1.6,27.4,Autumn,Morning,Cold
49.5,19.1,48.5,985.6,12.9,22.0,Summer,Morning,Extreme Heat
-12.1,76.6,51.4,885.2,5.6,8.6,Winter,Afternoon,Very Freezing
10.2,55.3,89.9,922.6,6.5,4.5,Winter,Afternoon,Cold
31.7,92.8,59.7,934.9,7.1,72.7,Rainy,Afternoon,Warm
20.6,31.0,15.2,1014.9,2.1,10.2,Autumn,Afternoon,Pleasant
22.3,71.3,67.0,988.1,1.7,13.7,Spring,Morning,Pleasant
15.5,73.9,44.6,962.9,3.8,3.7,Autumn,Morning,Cool
17.5,40.3,11.3,939.2,1.5,11.1,Spring,Evening,Cool
29.9,79.3,62.4,961.9,1.1,6.6,Summer,Evening,Comfortable
30.7,74.7,118.0,885.2,2.4,51.1,Rainy,Morning,Warm
23.5,38.4,52.8,1003.8,0.2,35.3,Spring,Night,Pleasant
17.1,83.2,50.1,1096.0,1.3,78.1,Autumn,Evening,Cool
22.3,53.5,19.5,853.2,1.1,21.1,Autumn,Night,Pleasant
47.3,13.2,87.8,896.9,1.7,32.8,Summer,Night,Extreme Heat
4.9,47.3,56.5,1055.4,4.2,14.3,Winter,Afternoon,Very Cold
9.0,48.4,20.9,1028.0,6.8,4.0,Winter,Afternoon,Cold
16.8,49.1,54.0,1037.2,1.3,24.8,Spring,Evening,Cool
45.2,43.7,30.5,857.8,12.4,4.3,Summer,Morning,Extreme Heat
18.1,88.9,20.1,1013.8,2.0,44.4,Rainy,Night,Cool
30.1,72.5,43.2,867.1,1.5,64.5,Rainy,Night,Warm
22.7,42.8,96.9,864.8,7.3,26.0,Autumn,Afternoon,Pleasant
25.8,68.9,53.6,965.1,1.7,72.8,Rainy,Evening,Comfortable
31.7,68.9,50.7,860.5,1.5,95.1,Rainy,Evening,Warm
49.3,43.0,83.9,1059.9,2.0,24.9,Summer,Evening,Extreme Heat
40.7,31.3,76.2,962.5,0.4,4.8,Summer,Evening,Very Hot
13.7,32.5,68.1,921.0,1.6,3.0,Autumn,Night,Cold
43.3,34.0,7.7,1069.3,1.8,13.2,Summer,Evening,Very Hot
29.6,34.3,28.7,1048.6,0.1,23.3,Summer,Night,Comfortable
-1.7,33.5,99.8,999.7,1.8,3.8,Winter,Morning,Freezing
23.7,75.6,105.5,992.9,4.6,17.2,Spring,Morning,Pleasant
16.1,72.6,72.2,1073.1,4.1,24.3,Autumn,Afternoon,Cool
26.3,89.6,28.5,978.1,1.7,63.1,Rainy,Afternoon,Comfortable
23.5,82.3,72.1,1035.9,1.0,78.0,Spring,Evening,Pleasant
34.0,56.0,5.5,885.0,7.8,38.9,Summer,Afternoon,Warm
21.3,40.8,73.3,920.2,2.4,20.7,Spring,Morning,Pleasant
26.2,75.8,101.3,921.2,9.6,17.5,Summer,Afternoon,Comfortable
-18.4,45.3,98.0,921.1,1.6,21.3,Winter,Evening,Very Freezing
26.0,66.0,81.1,861.2,0.9,95.8,Rainy,Evening,Comfortable
20.1,70.1,105.9,1017.7,2.8,27.0,Spring,Morning,Pleasant
43.0,48.2,86.6,1065.7,5.0,28.7,Summer,Morning,Very Hot
46.8,20.3,79.8,1050.1,1.3,3.7,Summer,Evening,Extreme Heat
20.5,33.9,9.6,938.7,1.9,26.7,Autumn,Night,Pleasant
34.0,62.7,1.2,1009.0,14.1,24.5,Summer,Afternoon,Warm
20.1,36.6,108.3,866.6,1.1,5.7,Autumn,Evening,Pleasant
35.6,21.8,58.3,994.3,5.4,4.9,Summer,Morning,Hot
33.6,70.1,78.3,1061.4,1.4,17.2,Summer,Evening,Warm
21.9,75.7,94.7,961.6,6.6,89.3,Rainy,Morning,Pleasant
22.8,53.7,38.3,995.5,0.7,24.0,Autumn,Night,Pleasant
19.6,50.6,20.0,957.6,0.3,35.6,Autumn,Night,Cool
28.9,31.4,77.5,1009.2,0.7,2.9,Summer,Evening,Comfortable
19.4,94.6,63.7,1060.4,5.1,73.6,Rainy,Morning,Cool
12.0,56.7,3.3,976.4,7.7,15.4,Autumn,Morning,Cold
18.4,78.6,19.2,855.8,6.3,67.5,Rainy,Afternoon,Cool
9.2,50.4,45.0,968.5,4.1,39.8,Winter,Morning,Cold
27.2,63.4,18.2,857.7,14.7,30.9,Summer,Morning,Comfortable
21.2,59.3,20.2,911.7,6.9,14.2,Spring,Morning,Pleasant
4.8,39.7,60.9,1019.3,0.5,33.2,Winter,Night,Very Cold
12.3,62.1,120.0,887.6,1.6,8.3,Autumn,Evening,Cold
24.5,46.5,39.1,1048.1,4.2,29.2,Spring,Morning,Pleasant
16.7,59.9,27.3,1091.0,7.4,28.9,Autumn,Morning,Cool
26.3,37.2,94.9,881.2,1.6,11.0,Spring,Evening,Comfortable
13.9,82.2,61.5,873.4,1.5,69.5,Winter,Night,Cold
-10.0,41.2,91.4,946.6,1.0,19.7,Winter,Night,Freezing
10.3,83.9,48.9,1056.9,6.4,74.4,Winter,Morning,Cold
17.6,36.0,102.5,959.8,1.7,35.7,Spring,Evening,Cool
30.4,80.7,61.3,1006.6,1.9,41.1,Rainy,Evening,Warm
24.4,68.1,16.1,924.8,3.5,32.2,Spring,Afternoon,Pleasant
25.4,92.8,118.9,900.2,2.0,45.4,Rainy,Night,Comfortable
22.8,87.2,8.3,851.4,7.6,89.3,Rainy,Morning,Pleasant
47.1,38.0,12.5,949.8,1.4,11.2,Summer,Evening,Extreme Heat
10.3,46.8,65.9,1008.0,5.0,27.9,Autumn,Afternoon,Cold
16.3,77.8,81.8,878.2,6.9,9.7,Spring,Morning,Cool
11.0,52.2,35.4,908.1,3.0,32.1,Autumn,Afternoon,Cold
22.5,81.7,27.1,1010.1,7.9,76.2,Rainy,Afternoon,Pleasant
23.4,36.8,106.6,975.8,0.9,23.4,Spring,Evening,Pleasant
19.6,43.3,85.7,1055.6,1.6,22.1,Autumn,Night,Cool
22.8,69.6,48.2,889.7,7.2,33.0,Autumn,Morning,Pleasant
28.5,76.1,0.0,977.8,1.3,56.6,Rainy,Morning,Comfortable
39.6,28.7,40.8,1085.1,0.2,37.2,Summer,Evening,Hot
28.2,61.1,104.0,993.0,14.1,37.7,Summer,Morning,Comfortable
23.3,97.8,81.0,879.0,1.3,73.9,Rainy,Morning,Pleasant
21.8,67.2,16.7,913.6,1.8,7.3,Autumn,Evening,Pleasant
23.3,68.6,35.8,876.3,1.6,25.8,Autumn,Evening,Pleasant
-7.4,82.6,60.0,958.2,4.2,52.5,Winter,Morning,Freezing
18.0,95.1,22.3,988.0,0.8,83.2,Rainy,Night,Cool
46.7,39.2,77.7,1049.1,12.5,1.4,Summer,Morning,Extreme Heat
48.3,15.0,88.5,1093.6,0.1,27.3,Summer,Night,Extreme Heat
27.1,32.4,80.0,1055.8,1.6,21.8,Summer,Night,Comfortable
15.2,50.9,40.5,854.8,1.9,16.5,Spring,Afternoon,Cool
35.1,31.2,71.4,852.5,0.9,38.5,Summer,Evening,Hot
19.5,47.2,92.9,1043.2,4.6,39.0,Autumn,Afternoon,Cool
18.2,92.0,96.9,880.1,2.9,41.1,Rainy,Afternoon,Cool
25.1,58.5,41.8,942.9,1.0,12.0,Spring,Morning,Comfortable
23.6,76.6,2.8,1074.6,6.5,31.2,Autumn,Morning,Pleasant
17.0,79.5,85.2,1084.3,5.2,18.9,Spring,Afternoon,Cool
19.4,62.0,118.8,909.8,1.1,26.0,Autumn,Evening,Cool
25.9,92.2,24.6,1031.4,1.2,93.8,Rainy,Evening,Comfortable
32.9,45.2,117.8,981.8,14.1,6.6,Summer,Afternoon,Warm
29.3,98.2,40.5,1031.2,1.1,43.6,Rainy,Evening,Comfortable
-14.8,30.4,75.7,961.9,1.9,38.3,Winter,Afternoon,Very Freezing
21.4,82.5,81.6,869.1,2.9,88.4,Rainy,Afternoon,Pleasant
-0.9,53.8,5.3,891.4,4.1,8.4,Winter,Afternoon,Freezing
29.8,99.3,95.2,1063.4,0.5,97.6,Rainy,Night,Comfortable
17.0,52.4,114.4,980.6,0.4,18.4,Autumn,Evening,Cool
-13.8,41.8,1.6,853.5,1.7,29.3,Winter,Evening,Very Freezing
24.1,51.7,114.3,1091.8,3.7,34.2,Spring,Afternoon,Pleasant
13.2,55.2,93.8,1090.0,1.5,34.2,Autumn,Evening,Cold
21.7,73.1,45.2,988.0,6.6,1.8,Autumn,Morning,Pleasant
-13.8,58.3,97.0,913.5,0.5,16.1,Winter,Night,Very Freezing
10.0,79.6,18.5,1097.5,7.7,19.8,Autumn,Morning,Cold
37.0,35.4,10.9,858.2,5.6,17.8,Summer,Morning,Hot
1.8,84.6,46.4,993.5,3.9,90.8,Winter,Afternoon,Very Cold
46.9,49.0,3.3,1060.0,12.5,9.1,Summer,Afternoon,Extreme Heat
28.7,67.4,27.0,957.8,12.2,22.5,Summer,Morning,Comfortable
19.2,76.2,17.3,957.5,1.8,33.8,Spring,Evening,Cool
24.9,75.3,106.7,986.1,2.4,10.2,Spring,Morning,Pleasant
30.0,72.2,8.5,867.3,1.9,70.4,Rainy,Night,Warm
29.4,94.3,39.9,1023.4,1.5,79.3,Rainy,Evening,Comfortable
30.3,83.9,33.9,956.3,1.3,47.7,Rainy,Afternoon,Warm
39.8,12.5,43.5,1030.8,7.0,8.1,Summer,Morning,Hot
20.7,78.6,6.2,897.8,3.2,29.3,Spring,Morning,Pleasant
15.8,71.7,73.2,1074.0,1.6,10.1,Autumn,Evening,Cool
19.8,76.8,119.9,951.4,2.5,85.7,Rainy,Afternoon,Cool
23.6,34.3,65.3,1027.3,0.3,31.2,Spring,Night,Pleasant
48.8,11.7,31.8,1000.4,8.0,28.6,Summer,Morning,Extreme Heat
16.3,58.3,61.1,942.3,7.5,33.1,Spring,Morning,Cool
30.9,89.3,87.5,1065.4,2.9,88.4,Rainy,Afternoon,Warm
19.5,48.5,117.4,1064.1,5.9,29.1,Spring,Morning,Cool
22.1,47.2,57.9,976.7,0.8,36.3,Spring,Evening,Pleasant
44.6,15.0,95.7,1004.0,1.7,3.9,Summer,Evening,Very Hot
29.4,84.1,116.0,862.9,4.5,83.1,Rainy,Morning,Comfortable
25.4,60.4,47.6,882.9,1.7,6.3,Spring,Night,Comfortable
14.1,77.9,80.7,1049.2,0.5,25.0,Autumn,Night,Cold
29.7,96.7,1.5,1018.5,1.4,72.9,Rainy,Afternoon,Comfortable
17.5,52.6,112.2,957.6,1.8,24.2,Spring,Evening,Cool
22.0,80.1,82.3,933.1,1.4,62.4,Rainy,Morning,Pleasant
19.0,66.9,75.9,899.7,3.9,30.0,Autumn,Morning,Cool
14.6,81.8,109.8,852.9,4.2,98.6,Autumn,Morning,Cold
-0.8,83.8,66.7,897.5,5.1,52.3,Winter,Afternoon,Freezing
26.9,63.3,62.0,1035.0,1.3,22.0,Summer,Night,Comfortable
0.8,39.5,111.1,867.1,0.9,27.8,Winter,Evening,Very Cold
19.3,84.4,77.0,1025.9,0.7,73.8,Rainy,Night,Cool
41.8,33.3,63.1,912.4,5.0,7.0,Summer,Morning,Very Hot
24.3,86.4,25.6,1084.8,1.0,86.3,Rainy,Afternoon,Pleasant
15.2,32.8,75.3,946.4,7.6,21.7,Autumn,Afternoon,Cool
21.1,90.4,74.1,1034.9,2.5,79.9,Rainy,Morning,Pleasant
6.0,48.0,106.8,871.1,6.7,34.5,Winter,Afternoon,Very Cold
17.2,54.1,119.6,907.3,4.8,26.8,Autumn,Morning,Cool
-12.9,66.0,98.2,862.5,1.8,1.2,Winter,Night,Very Freezing
25.4,34.2,109.3,938.7,9.2,8.6,Summer,Morning,Comfortable
39.9,24.9,40.0,1071.2,0.8,19.7,Summer,Evening,Hot
17.6,63.9,89.1,1034.5,1.0,2.7,Spring,Night,Cool
12.2,62.1,64.6,917.2,3.6,35.8,Winter,Morning,Cold
44.7,28.2,75.6,912.1,12.1,17.1,Summer,Afternoon,Very Hot
19.1,81.5,7.7,1056.2,3.0,66.6,Autumn,Afternoon,Cool
32.5,57.6,6.7,972.8,14.3,4.2,Summer,Morning,Warm
18.2,79.3,110.9,878.0,4.6,87.2,Rainy,Afternoon,Cool
20.5,69.6,99.2,961.6,6.6,0.3,Autumn,Morning,Pleasant
16.2,60.4,30.6,1035.6,0.2,34.9,Autumn,Night,Cool
17.8,74.5,94.4,1008.1,0.7,10.9,Spring,Evening,Cool
27.6,51.6,66.4,975.8,6.9,34.4,Summer,Morning,Comfortable
9.3,77.2,89.8,959.8,1.2,6.4,Winter,Evening,Cold
17.3,68.2,27.6,879.4,0.3,0.1,Spring,Evening,Cool
5.6,58.3,19.4,870.9,1.1,6.6,Winter,Morning,Very Cold
-11.5,49.5,12.6,905.6,1.0,24.3,Winter,Evening,Very Freezing
21.1,98.6,74.0,989.2,3.9,65.7,Rainy,Afternoon,Pleasant
27.8,89.6,20.6,975.0,0.8,92.2,Rainy,Evening,Comfortable
-1.4,36.3,72.7,879.3,3.4,5.7,Winter,Morning,Freezing
-12.8,51.6,107.5,901.1,4.6,16.8,Winter,Morning,Very Freezing
44.8,12.8,56.9,990.2,11.3,27.5,Summer,Afternoon,Very Hot
10.1,69.8,64.3,1059.0,1.6,33.7,Autumn,Night,Cold
22.7,92.7,54.2,895.9,1.7,93.0,Rainy,Night,Pleasant
19.1,78.6,96.4,1075.4,0.4,44.0,Rainy,Evening,Cool
17.6,83.2,8.0,1012.1,0.1,62.5,Autumn,Evening,Cool
20.6,84.8,67.1,930.3,2.5,61.0,Spring,Afternoon,Pleasant
23.2,81.2,86.7,1014.2,1.4,40.5,Rainy,Evening,Pleasant
27.3,81.9,0.6,1051.1,6.4,72.9,Rainy,Afternoon,Comfortable
44.2,33.3,93.8,1037.9,1.6,20.7,Summer,Night,Very Hot
41.8,34.8,89.1,892.5,0.4,35.6,Summer,Evening,Very Hot
26.8,71.7,71.7,1013.5,7.2,23.2,Spring,Afternoon,Comfortable
-3.4,69.4,32.5,900.6,0.6,9.7,Winter,Night,Freezing
23.9,96.8,60.8,897.0,1.5,81.8,Rainy,Afternoon,Pleasant
21.5,66.3,95.5,918.0,1.4,10.6,Autumn,Evening,Pleasant
21.2,83.5,99.1,965.8,2.9,79.3,Rainy,Afternoon,Pleasant
7.2,75.2,55.4,1095.8,1.6,30.9,Winter,Evening,Very Cold
12.1,41.9,55.7,916.0,0.8,35.5,Autumn,Night,Cold
15.5,66.7,38.8,1074.5,1.8,13.0,Spring,Night,Cool
28.0,75.4,101.4,912.3,1.2,2.7,Spring,Evening,Comfortable
30.6,97.7,96.2,1018.6,0.0,67.9,Rainy,Night,Warm
16.7,31.2,43.3,1045.9,5.0,12.5,Spring,Morning,Cool
15.2,30.9,110.0,1026.5,0.6,5.3,Spring,Evening,Cool
25.9,86.9,103.7,996.7,5.1,99.4,Rainy,Afternoon,Comfortable
27.5,69.8,69.5,992.4,1.7,62.7,Rainy,Evening,Comfortable
1.6,64.8,56.3,960.8,1.0,34.4,Winter,Evening,Very Cold
12.9,57.7,113.9,1058.2,0.7,34.5,Winter,Night,Cold
26.8,66.9,77.3,1093.6,1.5,73.3,Rainy,Morning,Comfortable
45.3,26.6,24.5,860.6,1.2,18.1,Summer,Night,Extreme Heat
4.0,31.4,20.6,963.4,0.9,27.4,Winter,Night,Very Cold
24.8,79.1,18.4,993.2,0.6,95.3,Rainy,Night,Pleasant
0.7,49.5,6.2,857.9,0.8,3.4,Winter,Evening,Very Cold
13.4,68.0,71.6,975.4,2.0,27.3,Autumn,Night,Cold
29.2,96.0,15.0,900.1,2.5,81.5,Rainy,Morning,Comfortable
48.5,41.0,15.4,936.9,0.9,15.8,Summer,Night,Extreme Heat
47.3,22.2,66.2,1047.4,0.8,6.7,Summer,Night,Extreme Heat
18.8,98.0,9.0,959.6,1.1,99.1,Rainy,Night,Cool
27.9,30.5,18.7,901.8,1.3,8.8,Summer,Night,Comfortable
13.6,49.5,80.9,865.6,2.5,32.4,Autumn,Afternoon,Cold
-17.3,84.3,32.6,874.6,1.7,82.4,Winter,Night,Very Freezing
22.5,57.8,17.3,1006.0,0.5,19.5,Spring,Night,Pleasant
36.5,22.3,98.7,864.2,9.2,18.3,Summer,Morning,Hot
22.5,66.7,93.2,1065.6,3.2,21.5,Spring,Morning,Pleasant
24.9,81.7,1.9,980.7,4.3,79.4,Spring,Morning,Pleasant
19.6,66.2,14.0,1049.9,0.2,27.9,Autumn,Night,Cool
25.2,96.6,106.8,1054.5,4.6,84.2,Rainy,Morning,Comfortable
22.2,52.2,116.4,1083.1,6.2,11.2,Autumn,Afternoon,Pleasant
13.9,42.0,21.9,1056.4,3.0,37.1,Autumn,Morning,Cold
34.4,73.9,44.1,871.8,10.6,33.8,Summer,Afternoon,Warm
27.9,31.4,30.3,980.0,4.7,23.6,Spring,Afternoon,Comfortable
18.7,63.0,6.4,944.1,2.6,10.6,Autumn,Morning,Cool
30.0,46.2,28.5,1087.1,1.9,24.4,Summer,Evening,Warm
29.0,85.6,0.8,1043.1,5.9,76.9,Rainy,Afternoon,Comfortable
0.9,85.0,92.3,949.5,1.7,50.2,Winter,Evening,Very Cold
17.7,48.7,61.3,1003.8,7.4,20.4,Spring,Afternoon,Cool
23.1,45.3,102.4,1082.1,2.0,31.8,Spring,Evening,Pleasant
21.0,76.8,55.9,1043.3,7.4,51.3,Rainy,Afternoon,Pleasant
27.7,86.4,24.0,863.9,5.0,79.1,Rainy,Afternoon,Comfortable
38.9,44.3,100.2,1081.8,0.7,12.7,Summer,Night,Hot
20.6,34.8,33.9,954.6,0.6,13.3,Spring,Night,Pleasant
-18.5,65.0,71.7,1013.3,0.4,11.8,Winter,Evening,Very Freezing
21.6,49.3,109.6,934.9,0.9,27.1,Spring,Evening,Pleasant
33.7,54.0,95.3,919.5,6.4,12.5,Summer,Morning,Warm
11.2,84.5,64.9,1096.2,7.6,67.2,Autumn,Morning,Cold
11.3,39.0,71.4,887.6,1.9,17.9,Autumn,Evening,Cold
-11.4,55.9,79.4,1037.8,1.5,23.1,Winter,Evening,Very Freezing
29.4,91.5,6.7,851.7,0.4,79.8,Rainy,Night,Comfortable
-5.9,78.7,107.5,1077.3,0.6,27.6,Winter,Evening,Freezing
29.8,40.2,41.1,957.5,13.3,4.8,Summer,Afternoon,Comfortable
16.5,67.5,114.0,884.3,6.1,25.3,Spring,Morning,Cool
38.7,46.1,41.3,1033.3,11.6,37.3,Summer,Afternoon,Hot
17.9,66.1,107.8,949.9,0.7,0.4,Autumn,Evening,Cool
28.9,68.5,9.1,940.4,1.6,75.1,Rainy,Morning,Comfortable
26.6,73.1,84.0,1004.2,7.0,8.9,Spring,Morning,Comfortable
-0.1,46.3,112.6,1054.7,7.9,10.4,Winter,Morning,Freezing
-11.6,37.9,13.9,856.8,4.7,8.7,Winter,Morning,Very Freezing
22.5,37.6,82.7,1074.4,1.5,3.1,Spring,Evening,Pleasant
29.1,70.5,6.2,989.3,2.1,90.1,Rainy,Morning,Comfortable
22.4,40.0,16.8,994.1,6.3,31.3,Spring,Afternoon,Pleasant
27.1,36.5,112.0,1021.0,1.1,1.3,Spring,Night,Comfortable
20.3,38.9,78.8,1092.8,4.9,28.6,Spring,Afternoon,Pleasant
20.4,36.4,73.5,1084.6,1.3,3.1,Spring,Evening,Pleasant
25.7,79.1,100.0,1053.7,1.2,62.4,Rainy,Night,Comfortable
19.5,77.4,49.6,1019.0,5.6,44.2,Rainy,Afternoon,Cool
12.2,75.5,5.0,954.8,0.3,35.2,Autumn,Night,Cold
22.4,98.9,31.5,928.3,6.9,43.0,Rainy,Afternoon,Pleasant
15.3,47.4,34.3,872.8,0.6,1.7,Autumn,Evening,Cool
20.2,54.4,107.2,1014.5,1.1,37.7,Spring,Morning,Pleasant
16.4,72.2,60.1,958.4,2.7,21.9,Spring,Afternoon,Cool
47.5,18.6,106.1,989.9,13.3,28.5,Summer,Morning,Extreme Heat
15.5,70.1,41.5,1017.8,1.6,37.9,Autumn,Evening,Cool
21.0,44.6,118.8,856.4,5.2,26.4,Autumn,Afternoon,Pleasant
28.0,81.6,21.7,1005.7,7.2,58.4,Summer,Afternoon,Comfortable
28.3,61.1,53.1,1049.3,1.4,27.6,Summer,Night,Comfortable
41.5,34.1,19.6,908.5,5.2,33.4,Summer,Morning,Very Hot
16.8,42.7,104.2,1081.6,0.8,2.0,Spring,Evening,Cool
26.0,78.8,3.4,995.8,0.0,87.2,Rainy,Night,Comfortable
-7.3,61.1,0.8,865.5,1.1,22.6,Winter,Night,Freezing
15.7,39.0,26.6,929.4,0.5,3.5,Autumn,Night,Cool
-13.2,32.8,75.2,921.8,0.6,13.3,Winter,Night,Very Freezing
21.4,54.3,40.1,948.6,1.1,6.5,Spring,Night,Pleasant
8.2,71.8,18.5,887.3,2.9,14.4,Winter,Morning,Cold
9.0,62.2,40.5,1050.7,2.7,39.0,Winter,Morning,Cold
14.7,47.2,14.7,877.8,5.5,35.0,Autumn,Afternoon,Cold
41.8,43.0,47.6,889.1,1.5,14.4,Summer,Night,Very Hot
-10.5,34.5,119.1,889.1,2.0,39.1,Winter,Night,Very Freezing
25.1,87.3,118.2,1042.0,4.0,66.8,Rainy,Morning,Comfortable
3.3,57.5,77.4,855.9,0.9,11.2,Winter,Night,Very Cold
19.4,86.1,62.8,913.4,0.9,69.5,Rainy,Evening,Cool
30.3,72.1,30.4,1066.4,0.2,5.0,Summer,Evening,Warm
13.7,37.4,18.2,1072.4,1.9,30.6,Winter,Evening,Cold
-20.0,50.8,17.2,854.6,0.9,37.7,Winter,Night,Very Freezing
41.5,36.1,30.1,1012.6,7.1,4.9,Summer,Morning,Very Hot
-16.0,84.8,22.0,998.5,0.8,47.6,Winter,Evening,Very Freezing
1.8,74.4,101.0,970.7,6.4,26.9,Winter,Morning,Very Cold
16.9,64.8,96.7,949.5,1.6,23.7,Autumn,Night,Cool
10.3,50.0,65.6,1060.0,1.9,32.0,Autumn,Morning,Cold
-14.7,76.8,119.0,1031.7,1.6,39.8,Winter,Night,Very Freezing
41.9,37.2,113.5,924.0,0.0,10.9,Summer,Night,Very Hot
27.3,87.2,71.2,854.1,6.1,59.4,Rainy,Morning,Comfortable
22.2,48.9,16.1,873.6,1.7,36.7,Spring,Evening,Pleasant
-16.4,52.1,87.5,1045.0,1.8,0.0,Winter,Morning,Very Freezing
25.8,70.2,11.1,1053.8,7.3,89.4,Rainy,Morning,Comfortable
22.2,74.7,46.1,1016.6,7.9,9.0,Spring,Morning,Pleasant
28.5,34.5,99.6,1094.2,0.8,3.5,Summer,Night,Comfortable
26.2,93.4,39.2,926.4,0.8,80.4,Rainy,Night,Comfortable
16.7,64.8,15.4,994.6,1.4,28.0,Spring,Night,Cool
46.8,30.0,87.6,1004.8,0.4,1.0,Summer,Evening,Extreme Heat
16.9,73.8,27.9,906.5,1.1,20.9,Autumn,Night,Cool
22.2,74.7,92.6,1013.0,6.8,98.5,Rainy,Afternoon,Pleasant
22.1,97.6,62.8,917.9,3.8,75.9,Rainy,Afternoon,Pleasant
28.8,83.7,65.4,883.9,13.9,44.5,Summer,Afternoon,Comfortable
17.5,68.6,66.8,939.7,1.8,0.8,Spring,Night,Cool
44.2,38.1,39.8,1018.9,9.0,30.3,Summer,Morning,Very Hot
-7.0,60.3,94.8,929.5,1.2,13.8,Winter,Evening,Freezing
36.7,13.1,19.9,865.3,10.0,4.3,Summer,Afternoon,Hot
22.2,54.9,118.3,850.0,5.3,24.7,Autumn,Morning,Pleasant
10.9,74.8,112.9,1012.2,7.7,6.1,Autumn,Afternoon,Cold
1.1,62.0,48.2,934.5,1.9,15.7,Winter,Morning,Very Cold
5.7,41.5,7.0,988.1,1.2,34.9,Winter,Night,Very Cold
22.8,93.1,64.8,869.8,1.1,94.5,Rainy,Night,Pleasant
-9.6,37.9,18.2,958.2,1.2,3.2,Winter,Night,Freezing
0.5,75.6,9.6,969.2,1.3,33.1,Winter,Night,Very Cold
-10.3,81.7,14.9,1068.8,7.8,50.6,Winter,Afternoon,Very Freezing
21.2,55.8,50.7,1098.9,0.0,35.8,Autumn,Night,Pleasant
7.5,64.0,41.0,1068.5,1.1,9.1,Winter,Morning,Very Cold
22.9,86.4,2.9,879.1,1.9,51.4,Rainy,Afternoon,Pleasant
6.3,79.8,100.2,899.2,0.9,8.0,Winter,Night,Very Cold
17.0,33.7,26.2,1083.8,4.3,17.8,Autumn,Morning,Cool
18.2,77.6,19.8,953.8,0.0,19.1,Spring,Evening,Cool
8.7,75.4,94.5,920.8,6.9,21.7,Winter,Morning,Cold
1.9,30.7,17.2,1035.6,0.5,23.9,Winter,Evening,Very Cold
22.0,82.4,106.0,917.7,0.4,68.5,Autumn,Evening,Pleasant
18.4,84.4,62.5,1098.6,2.4,55.5,Rainy,Morning,Cool
26.9,72.8,98.7,1075.7,4.7,18.0,Spring,Morning,Comfortable
0.6,55.0,54.2,1084.2,2.0,31.9,Winter,Evening,Very Cold
34.0,84.4,82.1,1087.2,0.3,62.9,Summer,Night,Warm
19.4,39.3,6.6,932.8,6.4,16.5,Autumn,Afternoon,Cool
14.7,39.7,11.8,1089.2,1.2,29.1,Autumn,Night,Cold
17.2,32.8,74.1,901.9,5.1,4.5,Spring,Morning,Cool
16.1,64.5,77.7,1060.9,0.6,27.5,Autumn,Evening,Cool
21.4,64.7,88.8,1003.1,0.0,7.8,Spring,Night,Pleasant
13.8,70.2,44.7,980.5,0.1,7.2,Autumn,Evening,Cold
26.6,65.9,55.2,1018.9,5.3,22.7,Spring,Afternoon,Comfortable
20.8,84.7,1.3,1032.5,1.1,66.0,Autumn,Night,Pleasant
20.3,49.5,36.3,1032.7,5.9,23.6,Spring,Morning,Pleasant
19.5,43.4,78.7,899.7,0.6,9.0,Spring,Evening,Cool
18.4,77.4,93.6,991.0,0.5,81.7,Rainy,Evening,Cool
25.4,70.4,73.2,972.0,1.9,10.5,Spring,Morning,Comfortable
22.8,58.3,34.6,851.6,1.0,11.4,Spring,Night,Pleasant
22.6,81.8,20.9,967.9,0.2,77.5,Spring,Evening,Pleasant
35.2,30.9,107.6,899.1,0.0,34.5,Summer,Night,Hot
30.5,85.9,97.2,957.4,6.2,94.8,Rainy,Afternoon,Warm
29.5,44.8,23.8,911.7,8.1,22.2,Summer,Afternoon,Comfortable
15.9,75.7,21.3,1030.8,6.4,28.6,Spring,Afternoon,Cool
-19.5,49.8,72.6,946.9,1.7,12.4,Winter,Night,Very Freezing
-10.7,48.3,66.9,1026.8,1.3,32.3,Winter,Night,Very Freezing
12.6,84.8,86.4,921.8,7.2,43.0,Winter,Morning,Cold
31.4,42.1,16.6,1064.8,10.0,27.0,Summer,Afternoon,Warm
6.5,71.8,37.5,952.7,0.4,39.1,Winter,Night,Very Cold
20.0,50.6,106.4,887.8,0.3,13.1,Spring,Evening,Pleasant
41.8,39.2,69.0,901.7,10.0,12.5,Summer,Morning,Very Hot
2.6,71.0,27.9,951.3,0.5,7.9,Winter,Evening,Very Cold
44.9,22.9,91.8,885.8,1.3,25.7,Summer,Night,Very Hot
18.9,82.0,13.1,912.1,3.2,88.5,Rainy,Morning,Cool
-9.4,77.2,102.9,1041.2,2.0,27.6,Winter,Morning,Freezing
19.3,57.5,77.5,977.6,1.8,12.5,Spring,Afternoon,Cool
30.1,69.8,114.3,932.2,1.3,85.1,Rainy,Evening,Warm
22.1,92.4,96.4,1096.6,1.2,44.9,Rainy,Night,Pleasant
22.2,39.3,6.4,1029.4,1.0,34.0,Autumn,Evening,Pleasant
12.4,76.0,65.9,897.3,1.4,20.4,Autumn,Evening,Cold
44.8,49.2,111.9,1083.5,0.8,18.8,Summer,Evening,Very Hot
19.7,78.4,87.0,878.1,3.9,35.5,Spring,Morning,Cool
30.1,73.2,83.4,1007.4,1.7,47.9,Rainy,Evening,Warm
27.9,80.1,26.6,864.0,0.5,71.7,Spring,Night,Comfortable
17.2,55.4,4.0,880.5,3.9,2.5,Spring,Afternoon,Cool
24.6,80.8,104.3,982.5,4.3,64.6,Rainy,Afternoon,Pleasant
29.5,87.7,50.3,964.5,2.8,85.1,Rainy,Morning,Comfortable
19.2,62.8,119.5,958.8,1.8,13.8,Spring,Evening,Cool
30.1,53.0,26.4,850.1,14.2,33.8,Summer,Morning,Warm
6.3,70.3,105.1,1030.7,0.5,28.2,Winter,Evening,Very Cold
13.4,34.0,89.3,1027.8,0.5,30.0,Autumn,Night,Cold
11.5,42.8,90.0,918.6,5.4,3.2,Autumn,Afternoon,Cold
20.8,67.2,61.1,1065.4,7.1,0.4,Spring,Morning,Pleasant
-3.9,84.4,58.0,1096.7,6.3,54.9,Winter,Afternoon,Freezing
49.8,44.3,11.7,1026.6,0.7,0.3,Summer,Night,Extreme Heat
13.3,75.0,40.5,1056.9,1.0,12.3,Autumn,Afternoon,Cold
30.8,33.8,22.5,988.9,7.9,16.7,Summer,Morning,Warm
27.7,74.4,88.5,984.3,6.9,13.6,Spring,Afternoon,Comfortable
14.8,47.3,80.9,1061.1,1.8,28.7,Winter,Evening,Cold
19.0,96.8,22.8,1055.3,4.8,44.7,Rainy,Morning,Cool
21.5,95.1,20.3,1063.5,1.1,70.7,Rainy,Morning,Pleasant
48.4,46.4,98.4,1072.0,0.4,11.4,Summer,Night,Extreme Heat
13.3,71.5,53.5,998.1,5.9,7.8,Winter,Afternoon,Cold
45.7,36.2,49.3,1015.8,6.2,16.1,Summer,Morning,Extreme Heat
21.1,71.5,114.1,902.5,2.8,98.2,Rainy,Afternoon,Pleasant
42.5,44.1,13.9,1026.5,1.0,33.2,Summer,Evening,Very Hot
25.0,64.6,76.0,962.6,4.7,29.8,Spring,Afternoon,Comfortable
4.4,80.8,98.4,990.5,1.3,95.6,Winter,Night,Very Cold
8.9,67.9,66.2,910.5,0.9,38.7,Winter,Evening,Cold
2.5,63.1,83.5,940.6,1.6,8.2,Winter,Evening,Very Cold
24.6,78.2,62.1,953.3,2.4,64.7,Rainy,Afternoon,Pleasant
9.9,69.9,43.2,871.8,2.4,21.8,Winter,Morning,Cold
30.8,76.7,47.7,911.4,13.1,13.7,Summer,Morning,Warm
39.3,33.3,85.8,910.1,9.4,11.3,Summer,Morning,Hot
10.7,70.1,36.2,999.8,2.4,35.6,Winter,Morning,Cold
15.0,57.6,70.0,994.7,0.1,12.6,Spring,Evening,Cool
21.0,95.5,10.5,971.8,1.4,55.7,Rainy,Evening,Pleasant
45.7,17.6,110.1,988.4,8.0,17.2,Summer,Afternoon,Extreme Heat
29.1,94.2,118.3,1047.8,1.2,60.4,Rainy,Evening,Comfortable
10.6,71.0,53.5,855.0,0.1,15.5,Autumn,Night,Cold
19.6,64.9,22.4,1037.3,1.1,8.2,Spring,Evening,Cool
25.7,50.9,12.7,982.8,9.0,24.5,Summer,Afternoon,Comfortable
14.2,82.9,64.3,1004.6,5.8,80.0,Autumn,Afternoon,Cold
20.6,33.0,2.7,939.5,0.7,15.5,Spring,Night,Pleasant
12.1,70.0,72.0,1032.8,6.4,39.0,Autumn,Afternoon,Cold
31.1,83.0,59.7,894.6,1.8,90.5,Rainy,Afternoon,Warm
17.5,60.6,70.1,901.7,1.7,3.4,Spring,Evening,Cool
20.5,80.1,19.9,1026.7,4.7,78.1,Rainy,Morning,Pleasant
17.8,32.3,38.6,989.9,7.0,26.7,Spring,Afternoon,Cool
31.3,90.2,111.6,981.9,0.5,43.2,Rainy,Evening,Warm
-15.8,46.7,63.9,991.1,5.2,6.7,Winter,Morning,Very Freezing
1.6,83.3,87.3,1080.7,6.3,75.5,Winter,Morning,Very Cold
21.3,31.4,29.9,952.0,0.6,5.5,Spring,Evening,Pleasant
21.4,44.2,92.9,946.4,4.5,34.2,Autumn,Afternoon,Pleasant
8.2,37.5,8.4,1073.4,3.7,11.5,Winter,Morning,Cold
9.3,77.4,37.9,1063.1,1.3,2.0,Winter,Afternoon,Cold
18.9,76.4,80.7,934.3,2.3,56.9,Rainy,Afternoon,Cool
44.6,40.0,54.8,1061.4,0.2,10.2,Summer,Evening,Very Hot
34.4,84.0,56.0,1048.0,0.8,65.5,Summer,Night,Warm
15.6,54.1,101.3,915.6,0.8,1.6,Spring,Evening,Cool
26.1,85.0,39.9,928.9,0.2,62.0,Rainy,Evening,Comfortable
6.8,83.1,116.4,1066.3,1.2,82.1,Winter,Evening,Very Cold
18.8,55.1,57.8,1039.4,3.0,12.7,Autumn,Afternoon,Cool
-16.0,39.5,65.7,891.1,1.4,12.7,Winter,Morning,Very Freezing
25.2,68.6,90.2,1076.6,6.2,72.0,Rainy,Afternoon,Comfortable
24.0,30.6,47.3,1062.7,3.4,1.4,Spring,Afternoon,Pleasant
15.7,78.4,77.8,1074.8,5.4,5.3,Autumn,Morning,Cool
-12.9,80.0,91.2,1019.1,0.6,7.4,Winter,Evening,Very Freezing
21.2,42.4,74.0,860.1,3.3,18.7,Spring,Afternoon,Pleasant
27.8,41.5,15.6,900.9,6.4,17.0,Spring,Morning,Comfortable
15.4,54.5,98.0,1071.3,1.6,21.5,Spring,Afternoon,Cool
18.7,36.6,117.2,896.7,4.1,19.5,Autumn,Afternoon,Cool
-16.5,53.6,75.4,903.8,5.4,36.9,Winter,Afternoon,Very Freezing
18.5,73.2,37.2,949.8,2.7,52.2,Rainy,Afternoon,Cool
19.0,69.5,117.2,944.3,1.6,17.4,Autumn,Evening,Cool
17.3,82.1,26.3,931.6,6.3,63.6,Spring,Morning,Cool
36.1,39.7,27.4,864.6,0.6,19.0,Summer,Evening,Hot
-6.0,33.2,70.0,1071.1,2.1,23.9,Winter,Morning,Freezing
14.0,62.2,30.8,1083.5,1.9,31.9,Autumn,Morning,Cold
25.0,96.8,86.1,995.5,1.6,91.9,Rainy,Evening,Comfortable
16.7,51.2,116.0,1024.3,0.2,34.5,Autumn,Night,Cool
11.6,31.7,87.2,1068.5,2.5,6.3,Autumn,Morning,Cold
21.5,47.1,48.2,975.7,1.7,26.0,Autumn,Evening,Pleasant
17.3,58.2,85.8,1093.3,2.4,0.4,Spring,Afternoon,Cool
19.9,75.1,0.9,964.2,0.7,2.1,Spring,Night,Cool
-11.1,49.4,84.7,980.4,1.9,38.5,Winter,Afternoon,Very Freezing
15.5,31.2,92.9,883.6,4.3,24.2,Spring,Afternoon,Cool
22.1,84.7,13.4,1002.4,1.1,87.5,Rainy,Evening,Pleasant
13.5,58.0,109.1,1046.3,4.4,37.8,Autumn,Afternoon,Cold
17.7,79.0,31.5,968.1,0.6,38.1,Autumn,Night,Cool
27.9,85.6,98.5,948.1,0.9,83.8,Rainy,Night,Comfortable
15.8,34.1,13.8,1067.4,4.3,28.5,Spring,Afternoon,Cool
26.0,96.8,0.7,1052.7,7.6,45.5,Rainy,Morning,Comfortable
13.0,73.4,2.9,983.5,5.8,29.9,Winter,Afternoon,Cold
26.3,82.6,28.4,1070.7,0.2,43.3,Spring,Evening,Comfortable
26.4,76.5,7.1,917.9,6.0,11.8,Summer,Morning,Comfortable
3.4,37.3,102.2,1054.3,1.1,35.8,Winter,Morning,Very Cold
20.9,56.6,95.3,994.1,3.4,32.4,Autumn,Morning,Pleasant
30.6,57.7,31.3,852.3,11.5,20.4,Summer,Morning,Warm
13.8,61.4,103.6,884.9,1.1,34.7,Winter,Night,Cold
-6.4,37.2,31.5,995.3,1.4,5.0,Winter,Evening,Freezing
25.7,83.0,82.8,1059.4,0.6,93.3,Rainy,Evening,Comfortable
-13.9,44.7,14.3,907.6,0.2,32.9,Winter,Evening,Very Freezing
43.7,11.9,113.8,1027.8,5.1,30.6,Summer,Morning,Very Hot
-4.4,61.7,118.0,910.4,5.8,28.6,Winter,Afternoon,Freezing
11.2,67.2,7.7,999.0,1.5,8.4,Autumn,Evening,Cold
10.4,76.4,55.2,904.4,0.3,38.1,Autumn,Evening,Cold
20.8,77.2,74.4,986.2,1.9,57.4,Rainy,Morning,Pleasant
30.3,52.6,84.5,904.4,0.7,15.6,Summer,Night,Warm
23.4,74.0,29.0,867.0,0.6,10.7,Autumn,Night,Pleasant
20.9,77.2,101.4,939.9,5.8,12.5,Autumn,Morning,Pleasant
27.8,65.3,49.1,932.3,5.9,86.0,Rainy,Morning,Comfortable
30.1,93.6,118.1,1077.4,1.7,43.2,Rainy,Evening,Warm
39.2,31.3,55.0,949.2,9.3,22.8,Summer,Morning,Hot
21.6,83.1,86.7,893.5,1.1,82.9,Rainy,Evening,Pleasant
18.4,80.7,35.6,1082.4,0.2,79.1,Rainy,Night,Cool
-4.4,60.5,35.8,963.8,2.1,12.2,Winter,Afternoon,Freezing
6.9,36.3,77.3,1058.6,1.2,25.9,Winter,Night,Very Cold
-11.2,75.3,10.2,1066.5,1.0,11.9,Winter,Evening,Very Freezing
4.2,73.7,19.6,876.1,0.3,35.1,Winter,Evening,Very Cold
18.5,80.1,52.3,882.3,6.2,78.6,Spring,Morning,Cool
-18.3,44.2,16.3,915.0,3.7,37.7,Winter,Morning,Very Freezing
9.2,69.1,13.5,1034.0,2.9,25.6,Winter,Morning,Cold
32.0,74.2,33.5,1082.7,0.0,81.8,Rainy,Evening,Warm
29.7,99.1,117.1,866.3,6.8,78.8,Rainy,Morning,Comfortable
28.2,65.8,117.9,1078.0,0.9,1.6,Summer,Evening,Comfortable
29.6,89.6,55.1,863.8,4.0,68.1,Rainy,Afternoon,Comfortable
23.3,47.1,63.0,866.5,1.9,14.4,Spring,Evening,Pleasant
-7.6,67.5,79.5,1028.8,2.9,12.6,Winter,Morning,Freezing
18.6,85.9,104.4,1072.7,0.9,67.6,Rainy,Night,Cool
23.7,75.2,29.4,955.3,6.9,35.1,Spring,Afternoon,Pleasant
41.8,23.4,30.5,1007.8,5.2,28.8,Summer,Morning,Very Hot
-4.7,48.8,65.6,872.8,6.3,23.3,Winter,Afternoon,Freezing
12.7,52.1,113.7,949.1,0.2,21.0,Autumn,Night,Cold
22.0,45.6,119.4,1091.6,4.1,10.4,Spring,Morning,Pleasant
20.0,67.8,107.2,1022.4,0.6,27.8,Autumn,Night,Pleasant
6.6,64.1,9.3,978.2,3.4,13.1,Winter,Morning,Very Cold
23.0,73.0,84.4,1058.6,1.4,29.9,Spring,Afternoon,Pleasant
10.3,53.8,4.0,1088.5,2.5,31.6,Autumn,Morning,Cold
21.3,82.3,109.8,902.9,0.3,85.5,Rainy,Night,Pleasant
22.8,38.1,77.5,908.2,0.3,27.3,Autumn,Night,Pleasant
28.6,75.8,53.8,951.4,7.9,57.5,Rainy,Morning,Comfortable
26.4,75.8,54.9,914.7,13.8,7.9,Summer,Afternoon,Comfortable
1.5,42.3,65.5,1021.0,2.3,20.8,Winter,Morning,Very Cold
11.0,75.0,40.3,993.6,1.0,20.5,Autumn,Night,Cold
20.5,54.9,88.0,1060.0,1.1,3.5,Spring,Night,Pleasant
12.3,36.9,43.9,907.3,2.5,2.2,Autumn,Morning,Cold
17.2,53.7,61.3,885.1,4.0,13.7,Spring,Afternoon,Cool
-19.8,55.7,82.3,906.6,0.3,35.5,Winter,Night,Very Freezing
-12.2,77.1,98.1,962.1,1.0,8.7,Winter,Evening,Very Freezing
18.0,35.4,53.9,1085.1,1.9,9.6,Autumn,Evening,Cool
36.9,45.0,32.6,850.9,6.6,14.0,Summer,Morning,Hot
3.8,46.5,54.9,873.9,7.3,37.4,Winter,Morning,Very Cold
30.2,71.1,5.5,994.9,1.8,50.6,Rainy,Evening,Warm
30.3,44.6,79.5,1091.4,14.2,20.1,Summer,Morning,Warm
11.9,83.8,115.7,890.9,3.1,46.0,Autumn,Morning,Cold
21.4,50.8,10.6,935.6,7.9,25.2,Autumn,Morning,Pleasant
29.2,84.2,98.5,920.4,0.1,43.4,Summer,Evening,Comfortable
23.0,57.3,101.2,961.5,1.4,29.3,Autumn,Evening,Pleasant
23.1,87.3,8.5,940.4,1.1,99.8,Rainy,Evening,Pleasant
8.6,53.8,95.6,998.9,7.2,16.4,Winter,Morning,Cold
2.1,53.0,17.3,873.4,0.0,34.9,Winter,Evening,Very Cold
21.0,90.8,38.4,976.5,2.1,97.6,Rainy,Afternoon,Pleasant
22.1,52.4,91.5,886.0,0.0,0.8,Autumn,Night,Pleasant
-4.1,58.5,0.9,955.7,1.4,17.7,Winter,Evening,Freezing
21.3,93.5,70.6,902.7,2.7,77.7,Rainy,Morning,Pleasant
20.4,44.2,104.0,1017.3,4.1,19.5,Spring,Morning,Pleasant
1.9,49.7,119.5,970.0,4.4,22.6,Winter,Morning,Very Cold
45.0,28.0,86.2,996.6,9.9,7.7,Summer,Afternoon,Extreme Heat
26.9,48.4,114.3,983.3,5.4,21.7,Spring,Afternoon,Comfortable
1.8,54.6,93.4,905.1,2.2,16.3,Winter,Morning,Very Cold
24.2,53.0,62.1,871.1,7.9,26.7,Spring,Afternoon,Pleasant
27.7,83.1,21.0,1012.0,0.5,83.1,Summer,Evening,Comfortable
23.8,63.8,107.1,869.7,3.3,9.9,Spring,Morning,Pleasant
28.3,89.0,25.4,909.7,3.0,64.7,Rainy,Afternoon,Comfortable
-19.3,78.4,115.9,935.4,3.4,0.3,Winter,Morning,Very Freezing
20.1,70.6,94.8,1004.1,0.1,77.4,Rainy,Night,Pleasant
-7.1,72.3,97.3,950.1,7.6,16.3,Winter,Afternoon,Freezing
11.1,67.0,82.7,935.4,0.4,32.5,Autumn,Night,Cold
-1.0,83.3,17.7,1085.2,0.4,74.0,Winter,Night,Freezing
13.8,45.0,48.0,1095.7,1.1,20.1,Winter,Night,Cold
42.5,10.6,5.9,999.8,8.4,38.1,Summer,Afternoon,Very Hot
24.3,75.0,80.1,881.4,6.4,8.4,Spring,Morning,Pleasant
45.5,31.5,103.2,903.3,11.1,3.4,Summer,Morning,Extreme Heat
28.7,85.5,31.9,857.8,0.2,77.3,Rainy,Night,Comfortable
12.9,70.4,104.0,980.2,1.3,32.6,Autumn,Evening,Cold
14.2,30.0,115.6,1079.4,1.5,3.2,Autumn,Night,Cold
11.4,30.9,73.9,1090.2,7.3,27.9,Autumn,Morning,Cold
31.9,47.6,91.6,1050.6,0.8,16.7,Summer,Evening,Warm
18.8,54.8,14.0,963.3,1.7,23.3,Spring,Night,Cool
29.8,56.1,43.4,939.7,10.3,23.4,Summer,Morning,Comfortable
19.4,74.3,40.6,863.9,1.1,23.5,Spring,Evening,Cool
22.4,43.1,95.3,971.6,3.3,4.3,Spring,Afternoon,Pleasant
13.2,46.8,20.3,965.2,0.6,1.4,Winter,Night,Cold
22.1,67.9,35.8,1018.1,3.3,56.7,Rainy,Afternoon,Pleasant
36.4,40.4,24.7,1027.3,5.2,16.8,Summer,Afternoon,Hot
39.1,18.2,89.0,863.1,1.7,7.9,Summer,Evening,Hot
-8.8,79.8,15.2,894.6,1.0,3.3,Winter,Evening,Freezing
27.7,50.7,110.8,986.2,0.5,28.1,Spring,Evening,Comfortable
23.8,44.6,80.6,863.0,0.2,0.2,Autumn,Evening,Pleasant
30.1,86.1,87.3,878.8,1.2,80.0,Rainy,Evening,Warm
26.4,40.7,37.6,1005.1,1.3,28.0,Spring,Evening,Comfortable
25.5,81.5,117.7,1035.1,1.8,85.4,Rainy,Afternoon,Comfortable
-2.9,64.4,113.5,994.9,4.8,2.0,Winter,Afternoon,Freezing
10.5,70.9,86.8,884.0,1.7,6.2,Autumn,Evening,Cold
13.5,50.5,30.6,972.2,0.8,39.5,Autumn,Night,Cold
16.8,32.9,75.1,863.6,6.9,20.5,Spring,Morning,Cool
20.4,71.9,38.3,998.4,0.4,47.0,Rainy,Night,Pleasant
10.3,74.1,94.6,924.3,1.9,5.8,Autumn,Afternoon,Cold
23.4,73.1,112.5,1023.0,0.3,9.7,Spring,Night,Pleasant
12.9,34.0,84.4,950.6,1.8,26.0,Autumn,Night,Cold
31.3,74.0,40.5,950.6,0.1,69.8,Rainy,Night,Warm
20.2,49.3,92.7,1050.8,2.1,14.7,Spring,Morning,Pleasant
7.3,49.9,48.8,1052.3,3.7,1.9,Winter,Morning,Very Cold
27.4,33.9,42.6,975.8,4.5,0.2,Spring,Afternoon,Comfortable
15.4,83.5,19.1,938.5,0.8,63.4,Autumn,Evening,Cool
16.2,59.9,88.9,1039.2,1.2,6.7,Spring,Evening,Cool
5.2,34.7,55.7,893.5,3.4,0.7,Winter,Morning,Very Cold
10.5,80.5,80.8,1097.7,1.8,68.4,Autumn,Evening,Cold
31.6,94.5,60.1,1095.4,1.7,58.2,Rainy,Morning,Warm
19.6,81.1,7.9,987.4,1.2,79.2,Spring,Evening,Cool
19.7,76.4,23.4,1056.7,4.9,30.5,Spring,Afternoon,Cool
20.9,84.9,104.1,958.0,1.9,67.1,Rainy,Night,Pleasant
31.3,76.2,104.2,1070.3,3.5,45.0,Rainy,Afternoon,Warm
-19.4,68.7,2.6,1007.8,2.1,22.6,Winter,Afternoon,Very Freezing
15.2,50.0,72.1,1062.2,1.8,19.4,Spring,Evening,Cool
19.4,40.7,67.4,928.6,1.6,27.4,Spring,Morning,Cool
23.0,67.7,51.2,960.6,5.7,58.9,Rainy,Morning,Pleasant
30.2,73.3,117.5,946.6,0.5,65.3,Rainy,Night,Warm
44.1,46.0,79.8,876.3,1.3,25.4,Summer,Night,Very Hot
11.0,45.1,117.6,999.1,1.4,0.3,Autumn,Night,Cold
10.5,61.3,110.5,1092.1,1.1,18.3,Autumn,Evening,Cold
23.8,33.6,55.9,910.1,4.3,18.2,Spring,Morning,Pleasant
15.0,39.0,60.4,1057.6,1.3,13.5,Autumn,Night,Cool
18.6,90.9,99.3,1092.0,7.2,76.0,Rainy,Morning,Cool
10.4,43.6,55.2,1007.1,1.1,29.7,Autumn,Evening,Cold
22.3,34.8,49.6,1037.5,1.4,39.6,Spring,Evening,Pleasant
24.2,97.2,52.8,987.2,1.6,75.0,Rainy,Night,Pleasant
47.2,23.2,37.8,978.0,1.9,1.9,Summer,Night,Extreme Heat
22.0,51.8,23.9,956.2,0.8,36.6,Autumn,Night,Pleasant
-2.3,84.4,55.8,864.6,0.5,66.2,Winter,Evening,Freezing
20.0,73.1,59.1,895.2,6.1,10.1,Spring,Afternoon,Pleasant
26.9,64.0,79.9,944.7,1.9,35.0,Summer,Night,Comfortable
18.5,85.8,64.7,1092.2,1.0,43.8,Rainy,Night,Cool
10.7,35.2,3.9,974.8,5.2,2.5,Autumn,Afternoon,Cold
18.0,67.7,117.8,1022.8,1.8,37.9,Spring,Evening,Cool
27.8,94.8,42.8,915.3,1.9,83.6,Rainy,Night,Comfortable
2.7,83.3,85.7,1081.2,1.0,47.0,Winter,Evening,Very Cold
20.2,64.6,43.2,951.5,7.8,4.5,Autumn,Morning,Pleasant
-6.6,53.3,85.8,1000.9,0.6,16.4,Winter,Night,Freezing
49.2,15.2,44.6,856.5,7.2,31.2,Summer,Morning,Extreme Heat
36.9,10.4,10.2,1051.9,1.5,36.6,Summer,Evening,Hot
30.9,72.2,104.9,857.6,1.6,91.3,Rainy,Afternoon,Warm
24.5,83.9,18.7,906.4,0.4,87.6,Spring,Evening,Pleasant
28.0,31.4,100.2,941.3,6.9,22.2,Spring,Morning,Comfortable
22.6,72.7,111.0,1067.0,1.0,43.7,Rainy,Night,Pleasant
1.8,83.4,67.1,934.1,1.0,98.8,Winter,Evening,Very Cold
41.8,19.6,89.2,1037.6,0.6,19.3,Summer,Evening,Very Hot
31.5,31.4,34.2,988.5,0.0,11.3,Summer,Night,Warm
0.8,63.4,48.4,1019.1,2.3,32.7,Winter,Morning,Very Cold
23.5,48.8,89.7,987.4,4.2,6.8,Spring,Morning,Pleasant
49.4,43.0,7.2,944.1,14.3,20.1,Summer,Morning,Extreme Heat
30.8,95.6,60.2,959.4,3.4,83.1,Rainy,Morning,Warm
18.2,49.6,21.3,1023.8,5.3,19.3,Spring,Afternoon,Cool
30.7,66.0,92.3,1075.5,0.9,73.0,Rainy,Night,Warm
21.3,58.8,14.0,882.3,1.1,37.5,Autumn,Night,Pleasant
30.2,91.7,29.7,859.1,0.2,83.7,Rainy,Evening,Warm
35.6,18.0,36.7,981.1,11.5,31.2,Summer,Morning,Hot
49.3,21.4,8.5,936.4,1.5,17.5,Summer,Night,Extreme Heat
17.7,81.1,113.7,867.3,0.9,76.6,Autumn,Night,Cool
20.3,67.3,27.2,1000.5,5.9,3.6,Spring,Morning,Pleasant
21.7,90.4,22.7,1073.1,0.9,51.9,Rainy,Evening,Pleasant
-5.7,53.6,70.3,980.3,0.3,2.6,Winter,Night,Freezing
22.3,49.7,97.0,947.0,1.6,12.2,Spring,Evening,Pleasant
23.1,51.7,95.1,919.8,1.3,34.9,Autumn,Evening,Pleasant
29.6,85.0,72.9,980.8,1.7,42.6,Rainy,Night,Comfortable
43.8,10.7,62.0,982.4,9.0,11.9,Summer,Morning,Very Hot
17.7,73.9,96.4,953.8,0.6,11.4,Spring,Evening,Cool
5.2,49.7,73.2,945.6,0.6,1.0,Winter,Night,Very Cold
14.2,55.3,98.2,1082.5,1.1,26.5,Autumn,Evening,Cold
21.5,54.1,26.2,882.6,0.0,6.2,Spring,Night,Pleasant
25.0,34.2,99.3,956.9,1.2,3.6,Spring,Night,Comfortable
27.5,74.4,55.2,905.9,7.5,13.8,Spring,Morning,Comfortable
17.9,81.9,0.5,909.5,7.6,50.3,Autumn,Morning,Cool
26.0,95.2,57.3,1098.6,5.8,44.4,Rainy,Morning,Comfortable
28.1,69.0,62.2,996.8,2.2,97.8,Rainy,Morning,Comfortable
20.5,97.0,55.8,865.8,5.2,76.1,Rainy,Morning,Pleasant
27.6,59.9,67.2,980.0,1.2,10.6,Spring,Evening,Comfortable
17.2,74.4,6.0,1000.9,1.6,6.3,Autumn,Night,Cool
19.1,62.3,16.6,956.5,4.9,24.0,Spring,Morning,Cool
15.6,72.8,112.9,1065.5,4.9,16.4,Autumn,Morning,Cool
-15.6,35.9,82.6,914.9,2.8,39.9,Winter,Afternoon,Very Freezing
16.9,35.4,69.6,1007.0,0.7,21.4,Spring,Evening,Cool
48.9,43.0,67.8,894.9,0.2,2.2,Summer,Evening,Extreme Heat
29.3,82.8,6.6,983.9,1.9,75.9,Rainy,Night,Comfortable
23.0,72.4,89.7,908.5,1.4,20.7,Autumn,Afternoon,Pleasant
15.7,81.2,10.7,977.9,7.4,94.2,Autumn,Morning,Cool
-7.2,64.1,19.1,1092.0,1.8,6.7,Winter,Evening,Freezing
-17.0,80.0,23.2,954.1,4.1,24.0,Winter,Afternoon,Very Freezing
16.0,51.2,82.8,1000.6,1.8,20.3,Autumn,Afternoon,Cool
40.7,24.8,27.1,1068.2,1.6,9.4,Summer,Night,Very Hot
20.0,47.3,36.8,888.1,0.5,17.1,Autumn,Evening,Pleasant
19.4,77.1,52.2,898.2,0.4,30.8,Spring,Night,Cool
20.7,41.3,38.6,966.4,7.6,37.3,Autumn,Morning,Pleasant
21.8,56.6,79.1,977.7,4.3,33.4,Autumn,Morning,Pleasant
11.4,74.4,0.4,930.0,4.0,9.2,Winter,Morning,Cold
18.5,87.5,31.5,863.1,0.5,88.1,Rainy,Night,Cool
24.8,79.6,117.3,900.1,2.5,57.5,Rainy,Morning,Pleasant
23.3,96.9,73.8,953.0,1.9,42.9,Rainy,Night,Pleasant
22.4,63.9,4.7,950.8,1.3,27.9,Spring,Night,Pleasant
2.9,58.1,19.1,863.4,4.1,2.0,Winter,Afternoon,Very Cold
15.4,71.6,36.7,998.2,4.8,0.2,Autumn,Morning,Cool
47.1,15.9,85.3,1093.3,12.9,9.7,Summer,Morning,Extreme Heat
19.3,81.4,106.5,1010.3,0.8,57.6,Rainy,Night,Cool
25.4,79.0,114.4,1010.5,3.1,47.6,Rainy,Morning,Comfortable
41.5,28.8,23.9,1000.4,5.6,16.5,Summer,Morning,Very Hot
12.3,50.8,42.4,883.1,1.3,20.3,Autumn,Evening,Cold
33.8,47.9,56.7,1069.4,0.1,32.2,Summer,Night,Warm
25.4,49.2,83.3,889.9,1.8,16.2,Spring,Night,Comfortable
4.7,75.1,28.4,1015.3,0.8,14.7,Winter,Evening,Very Cold
23.4,77.1,100.3,875.3,5.7,54.9,Rainy,Morning,Pleasant
29.2,63.4,85.1,855.3,5.4,36.1,Summer,Afternoon,Comfortable
30.5,73.0,88.8,927.4,1.7,82.0,Rainy,Evening,Warm
15.5,84.1,46.0,888.1,1.3,57.1,Spring,Evening,Cool
18.2,54.5,100.3,916.2,4.1,21.5,Autumn,Afternoon,Cool
21.0,51.7,77.5,887.7,7.5,15.3,Autumn,Morning,Pleasant
10.3,41.3,58.4,1069.6,1.1,37.2,Autumn,Night,Cold
36.6,45.5,54.6,989.0,9.0,18.4,Summer,Afternoon,Hot
3.7,72.8,15.7,1000.2,0.1,19.9,Winter,Evening,Very Cold
20.6,77.8,51.9,1005.8,1.5,70.2,Rainy,Afternoon,Pleasant
39.3,35.5,66.8,1034.6,0.7,30.6,Summer,Night,Hot
18.9,31.8,70.8,981.0,0.6,1.5,Spring,Night,Cool
24.7,91.5,54.3,860.8,0.6,59.2,Rainy,Night,Pleasant
23.5,45.1,116.1,930.4,8.0,39.8,Spring,Afternoon,Pleasant
10.9,31.6,29.4,1070.4,0.8,28.8,Autumn,Evening,Cold
27.6,70.5,94.5,927.8,3.3,40.6,Rainy,Afternoon,Comfortable
16.5,72.5,59.0,1046.1,1.2,3.3,Spring,Night,Cool
26.7,56.3,20.7,1038.1,1.8,22.2,Summer,Night,Comfortable
10.3,64.4,80.3,881.6,1.9,5.3,Winter,Evening,Cold
23.1,69.6,90.5,904.8,4.1,24.7,Autumn,Afternoon,Pleasant
11.5,82.9,106.8,917.6,1.6,71.1,Autumn,Evening,Cold
18.1,70.1,49.3,1007.3,5.9,28.4,Autumn,Morning,Cool
30.0,81.0,31.5,910.4,4.4,93.2,Rainy,Morning,Warm
28.5,68.4,57.1,1097.9,6.4,52.6,Rainy,Morning,Comfortable
-11.8,52.5,93.6,1042.8,2.6,36.9,Winter,Morning,Very Freezing
-14.9,44.0,109.7,878.3,6.3,30.3,Winter,Morning,Very Freezing
21.7,72.9,55.9,916.3,1.5,78.2,Rainy,Evening,Pleasant
-16.1,81.4,22.0,913.2,3.8,63.0,Winter,Afternoon,Very Freezing
-4.0,39.4,32.1,977.3,0.3,24.5,Winter,Evening,Freezing
28.0,97.8,109.5,1086.5,2.7,47.9,Rainy,Morning,Comfortable
26.6,83.5,103.1,877.5,7.6,65.4,Spring,Afternoon,Comfortable
44.1,21.4,106.5,942.0,6.4,27.8,Summer,Morning,Very Hot
-4.8,75.1,108.7,879.9,4.7,11.4,Winter,Morning,Freezing
30.1,70.7,97.5,1063.3,1.8,55.9,Rainy,Evening,Warm
23.5,73.9,117.9,1095.8,7.5,87.1,Rainy,Afternoon,Pleasant
29.4,79.3,39.2,1036.2,1.6,42.9,Rainy,Afternoon,Comfortable
16.2,79.3,15.1,880.8,2.0,1.2,Autumn,Afternoon,Cool
3.1,53.7,91.6,1098.1,5.6,2.0,Winter,Afternoon,Very Cold
26.5,59.0,99.0,1064.2,1.9,38.0,Spring,Evening,Comfortable
43.1,13.1,12.7,973.2,0.3,39.1,Summer,Night,Very Hot
37.2,24.6,76.7,882.3,0.9,11.0,Summer,Evening,Hot
26.0,80.3,100.0,924.4,12.9,41.9,Summer,Morning,Comfortable
7.0,44.5,0.6,1017.1,1.9,24.3,Winter,Evening,Very Cold
-8.8,77.7,27.9,1001.9,3.8,8.3,Winter,Morning,Freezing
28.4,88.2,28.4,874.5,1.2,73.2,Rainy,Evening,Comfortable
18.8,67.8,119.1,1045.9,7.5,51.7,Rainy,Morning,Cool
28.6,58.0,99.6,937.5,0.8,5.1,Summer,Evening,Comfortable
26.7,88.6,93.3,989.2,5.5,40.8,Rainy,Morning,Comfortable
16.0,67.3,21.1,1029.2,5.9,9.4,Spring,Afternoon,Cool
19.2,51.5,23.3,1032.9,2.1,34.2,Autumn,Morning,Cool
19.5,89.3,62.3,924.5,4.0,57.9,Rainy,Morning,Cool
29.1,50.0,30.1,1020.9,1.4,20.1,Summer,Evening,Comfortable
-0.4,67.8,39.1,873.7,7.8,11.5,Winter,Morning,Freezing
25.5,59.5,33.4,865.4,0.3,35.8,Spring,Night,Comfortable
22.2,86.9,18.1,967.3,4.5,75.1,Rainy,Morning,Pleasant
24.9,76.6,8.5,872.4,0.9,61.3,Rainy,Night,Pleasant
32.6,67.8,103.7,924.7,6.9,4.6,Summer,Morning,Warm
20.1,52.9,56.3,941.9,0.2,12.4,Spring,Night,Pleasant
4.6,41.9,22.0,957.9,1.6,33.7,Winter,Night,Very Cold
30.1,65.2,4.2,1078.0,6.4,67.0,Rainy,Morning,Warm
13.4,72.5,101.1,1040.2,0.3,33.3,Winter,Evening,Cold
20.7,44.7,72.5,1067.8,8.0,24.3,Spring,Afternoon,Pleasant
30.6,44.1,57.5,941.8,1.8,14.7,Summer,Night,Warm
46.7,43.4,100.0,1024.5,7.9,13.4,Summer,Morning,Extreme Heat
35.0,57.3,80.1,853.2,1.7,17.9,Summer,Night,Hot
-15.2,54.2,59.6,950.9,1.4,16.8,Winter,Night,Very Freezing
22.8,74.4,13.1,949.3,0.7,22.8,Spring,Night,Pleasant
-17.3,34.0,102.0,903.2,1.3,21.7,Winter,Night,Very Freezing
-15.6,37.1,66.8,1086.6,3.9,13.1,Winter,Morning,Very Freezing
12.6,76.0,119.5,855.6,1.8,24.4,Winter,Morning,Cold
13.3,73.3,6.8,942.3,4.5,22.4,Autumn,Afternoon,Cold
7.6,69.8,32.9,1061.5,4.0,10.9,Winter,Afternoon,Very Cold
25.9,38.2,54.7,973.1,0.1,7.8,Spring,Evening,Comfortable
-6.2,40.6,7.3,997.7,7.9,6.7,Winter,Morning,Freezing
31.0,81.8,72.4,876.3,1.1,70.0,Summer,Night,Warm
31.4,67.2,65.1,908.3,1.1,32.9,Summer,Evening,Warm
19.6,90.2,60.0,1073.5,7.4,43.3,Rainy,Morning,Cool
11.3,82.3,74.7,1026.7,3.1,64.7,Autumn,Afternoon,Cold
23.1,56.8,75.7,1033.6,0.7,28.8,Autumn,Evening,Pleasant
42.6,29.6,46.0,905.5,13.2,24.3,Summer,Morning,Very Hot
23.2,32.6,102.0,1099.4,7.2,32.4,Autumn,Afternoon,Pleasant
32.0,74.8,80.2,894.2,5.1,94.2,Rainy,Afternoon,Warm
3.5,40.3,75.0,934.1,2.5,12.5,Winter,Morning,Very Cold
34.9,43.5,53.8,930.1,1.5,38.8,Summer,Night,Warm
46.5,32.6,18.9,1022.7,10.1,26.0,Summer,Morning,Extreme Heat
16.2,79.6,90.1,972.2,5.2,13.0,Autumn,Morning,Cool
27.3,66.5,39.2,1005.8,1.4,41.4,Rainy,Morning,Comfortable
33.3,54.1,31.5,891.2,11.9,20.6,Summer,Morning,Warm
14.5,62.5,8.7,886.9,1.5,32.5,Autumn,Morning,Cold
28.5,90.1,80.3,969.2,5.5,42.3,Rainy,Morning,Comfortable
21.5,49.7,33.3,1010.7,5.8,34.8,Spring,Morning,Pleasant
17.3,47.7,116.9,1096.6,4.6,37.4,Spring,Morning,Cool
32.3,44.7,111.5,893.1,10.8,22.2,Summer,Morning,Warm
25.0,74.5,20.3,1005.2,6.0,74.2,Rainy,Morning,Comfortable
12.0,78.5,69.9,881.7,4.2,33.8,Autumn,Morning,Cold
13.9,84.8,90.1,1011.2,3.5,42.9,Autumn,Morning,Cold
17.8,71.9,64.5,1060.2,0.1,14.7,Autumn,Evening,Cool
16.3,34.0,114.5,905.8,7.5,17.0,Autumn,Afternoon,Cool
22.2,81.2,0.6,1037.1,1.8,48.4,Spring,Evening,Pleasant
31.1,84.0,63.3,885.3,1.0,88.6,Rainy,Morning,Warm
21.7,70.0,69.6,890.6,5.7,5.3,Spring,Morning,Pleasant
23.3,80.6,5.6,853.4,1.8,47.7,Rainy,Night,Pleasant
21.4,78.9,62.3,991.3,5.7,38.5,Autumn,Morning,Pleasant
-0.4,30.8,9.7,994.3,7.6,34.7,Winter,Afternoon,Freezing
32.1,50.8,12.4,1029.8,10.0,28.4,Summer,Afternoon,Warm
33.1,48.4,3.1,935.3,13.0,35.9,Summer,Morning,Warm
20.9,31.7,105.5,853.3,7.6,19.6,Spring,Afternoon,Pleasant
30.9,65.9,69.8,987.2,2.5,65.7,Rainy,Afternoon,Warm
28.2,65.0,112.4,891.1,0.5,55.8,Rainy,Evening,Comfortable
23.7,47.5,45.7,1097.7,2.7,20.3,Spring,Morning,Pleasant
21.3,79.5,73.8,970.3,0.9,61.8,Rainy,Evening,Pleasant
26.7,87.9,8.4,1007.8,1.9,72.5,Rainy,Night,Comfortable
-4.2,77.1,113.3,934.0,4.9,3.8,Winter,Afternoon,Freezing
21.4,32.0,63.4,1015.5,2.5,36.2,Autumn,Afternoon,Pleasant
46.7,32.7,52.7,866.8,9.6,32.8,Summer,Afternoon,Extreme Heat
24.9,69.1,1.6,925.8,5.9,87.4,Rainy,Afternoon,Pleasant
19.9,85.0,48.9,1015.4,1.8,64.6,Rainy,Evening,Cool
0.1,52.1,45.0,895.7,4.0,39.4,Winter,Morning,Very Cold
40.0,41.1,89.9,932.2,1.2,34.9,Summer,Evening,Very Hot
20.7,42.3,46.6,954.0,6.2,3.8,Spring,Afternoon,Pleasant
11.5,75.2,25.2,948.5,0.6,16.0,Autumn,Evening,Cold
31.9,34.1,84.9,970.8,14.0,39.3,Summer,Morning,Warm
15.8,52.4,38.9,1045.4,1.5,19.1,Autumn,Evening,Cool
32.7,46.1,97.3,871.9,1.6,26.8,Summer,Evening,Warm
24.1,88.8,73.1,1042.2,0.9,68.4,Rainy,Evening,Pleasant
16.4,54.0,116.6,859.4,0.6,12.6,Spring,Night,Cool
19.5,87.0,11.4,873.7,6.1,59.4,Rainy,Morning,Cool
10.5,54.5,13.6,937.8,2.0,35.6,Autumn,Night,Cold
11.5,39.0,45.8,885.2,5.4,29.2,Winter,Afternoon,Cold
22.8,71.0,9.5,1023.3,6.5,89.6,Rainy,Morning,Pleasant
9.1,38.3,4.6,1069.7,0.6,5.2,Winter,Evening,Cold
18.4,31.7,33.0,858.2,0.8,35.8,Autumn,Night,Cool
26.9,70.7,108.7,979.1,2.1,95.3,Rainy,Afternoon,Comfortable
24.5,69.0,24.0,902.8,5.8,8.8,Spring,Morning,Pleasant
20.9,73.1,54.4,1048.0,1.7,26.2,Autumn,Night,Pleasant
22.9,60.8,115.3,1006.8,0.5,11.7,Spring,Night,Pleasant
5.7,46.7,41.4,1097.8,0.2,16.2,Winter,Night,Very Cold
21.5,35.1,80.9,864.1,1.3,33.7,Autumn,Night,Pleasant
17.3,52.1,36.1,1050.8,0.5,28.9,Autumn,Evening,Cool
-11.3,48.5,70.7,963.6,6.2,8.5,Winter,Afternoon,Very Freezing
20.9,75.2,7.1,1002.7,3.6,31.8,Autumn,Morning,Pleasant
46.3,41.1,32.3,1053.0,1.1,2.1,Summer,Evening,Extreme Heat
48.6,45.5,12.3,1036.0,1.6,10.9,Summer,Night,Extreme Heat
42.8,27.6,13.5,1026.5,1.8,26.1,Summer,Night,Very Hot
15.0,40.1,77.1,931.9,7.0,4.9,Autumn,Morning,Cool
15.6,81.6,18.4,852.5,2.7,89.2,Autumn,Afternoon,Cool
13.4,37.1,85.9,867.3,3.3,11.3,Autumn,Afternoon,Cold
5.6,59.3,111.7,1087.9,3.5,31.1,Winter,Afternoon,Very Cold
11.3,54.6,63.7,953.9,1.7,9.2,Winter,Night,Cold
18.0,60.9,16.1,930.0,1.8,16.4,Spring,Night,Cool
11.6,43.6,96.9,1040.7,3.7,38.2,Autumn,Afternoon,Cold
23.5,53.5,23.7,1006.7,1.4,5.0,Autumn,Evening,Pleasant
27.3,79.3,33.7,1032.8,2.7,50.3,Rainy,Afternoon,Comfortable
32.2,64.6,14.2,1013.7,0.6,0.0,Summer,Night,Warm
27.1,77.7,28.0,1044.6,1.2,38.8,Spring,Evening,Comfortable
23.9,33.5,47.5,1091.0,1.1,11.5,Spring,Night,Pleasant
4.6,65.5,44.9,1087.7,1.2,12.1,Winter,Morning,Very Cold
23.1,73.5,80.7,899.2,1.8,46.3,Rainy,Evening,Pleasant
25.0,95.4,15.1,1019.5,1.1,68.8,Rainy,Night,Comfortable
43.0,47.5,11.0,854.9,1.6,4.3,Summer,Evening,Very Hot
23.1,65.8,23.9,910.1,1.3,36.4,Spring,Evening,Pleasant
30.0,37.4,6.8,1067.1,0.6,0.1,Summer,Night,Warm
19.4,84.5,62.8,901.2,3.3,59.8,Spring,Morning,Cool
15.5,48.4,24.9,944.4,3.2,27.1,Autumn,Afternoon,Cool
22.5,33.6,23.0,951.9,1.9,15.1,Spring,Night,Pleasant
18.3,37.0,7.0,926.4,2.1,7.0,Spring,Afternoon,Cool
22.3,50.9,60.8,990.7,3.2,11.8,Spring,Morning,Pleasant
10.5,40.6,11.7,1074.4,3.4,22.1,Winter,Morning,Cold
-15.6,62.4,63.0,900.7,0.9,31.9,Winter,Evening,Very Freezing
16.3,60.1,84.3,1048.2,1.3,6.1,Spring,Night,Cool
41.9,11.0,49.4,933.2,11.7,8.6,Summer,Afternoon,Very Hot
26.9,73.9,110.6,1094.6,0.0,24.9,Spring,Evening,Comfortable
46.5,20.1,117.7,1003.4,1.6,3.4,Summer,Night,Extreme Heat
30.6,66.2,38.4,999.2,5.2,68.8,Rainy,Afternoon,Warm
26.6,74.9,59.4,883.4,1.8,26.0,Summer,Evening,Comfortable
-18.8,37.8,73.1,894.8,0.5,1.0,Winter,Evening,Very Freezing
29.3,92.9,15.3,1075.8,1.3,93.9,Rainy,Evening,Comfortable
20.7,73.1,11.2,980.2,6.9,33.2,Spring,Afternoon,Pleasant
24.1,41.4,2.4,969.9,1.0,9.6,Spring,Night,Pleasant
22.6,72.0,119.2,1039.6,1.6,24.7,Spring,Night,Pleasant
27.0,95.1,113.5,1082.5,3.7,44.7,Rainy,Afternoon,Comfortable
-17.9,35.8,22.2,935.3,1.1,28.5,Winter,Night,Very Freezing
23.7,68.7,67.0,1075.9,0.2,7.1,Spring,Evening,Pleasant
16.6,61.1,47.8,921.1,2.2,13.4,Spring,Afternoon,Cool
22.5,39.0,15.0,856.7,1.1,35.2,Spring,Morning,Pleasant
16.6,65.6,99.6,862.3,1.7,21.9,Autumn,Night,Cool
14.4,45.5,63.7,862.9,0.3,32.5,Autumn,Night,Cold
30.8,54.9,62.1,1040.9,0.9,31.6,Summer,Night,Warm
24.7,89.1,72.9,984.5,4.3,57.6,Rainy,Morning,Pleasant
25.0,70.6,40.9,931.0,1.2,44.0,Rainy,Evening,Comfortable
39.1,36.8,84.4,922.9,9.7,38.2,Summer,Afternoon,Hot
27.6,71.0,21.1,866.1,5.0,14.3,Spring,Afternoon,Comfortable
25.5,50.2,38.0,1062.5,1.7,14.3,Spring,Night,Comfortable
26.1,53.3,8.0,850.4,1.0,13.8,Spring,Night,Comfortable
20.8,71.9,114.6,1071.9,0.6,6.6,Autumn,Evening,Pleasant
34.5,56.0,75.6,1077.0,0.8,31.3,Summer,Evening,Warm
31.8,75.8,15.6,899.8,1.2,43.8,Rainy,Evening,Warm
12.7,48.4,87.3,1017.3,1.5,29.9,Autumn,Afternoon,Cold
22.1,44.3,70.5,915.3,7.9,12.4,Spring,Morning,Pleasant
32.0,79.3,76.3,1032.7,1.8,36.5,Summer,Night,Warm
34.5,82.6,39.6,1090.5,14.0,56.2,Summer,Afternoon,Warm
21.5,80.3,62.4,923.7,1.1,53.2,Rainy,Morning,Pleasant
-4.5,39.4,104.8,1026.2,0.2,26.0,Winter,Night,Freezing
27.4,30.2,29.8,1081.9,1.9,28.8,Spring,Evening,Comfortable
11.3,58.3,27.8,895.3,6.7,5.4,Autumn,Morning,Cold
26.3,45.8,40.0,956.6,2.0,0.9,Spring,Morning,Comfortable
25.8,86.3,111.2,1016.3,1.4,87.2,Rainy,Night,Comfortable
34.0,83.3,110.8,1071.0,9.5,91.4,Summer,Morning,Warm
18.3,82.6,110.8,964.3,1.7,67.1,Spring,Night,Cool
20.5,59.6,2.7,961.0,6.5,27.2,Spring,Morning,Pleasant
27.4,51.5,48.8,994.2,0.3,7.1,Summer,Evening,Comfortable
16.6,78.3,70.3,1018.5,6.6,26.4,Autumn,Morning,Cool
21.4,74.1,101.5,878.9,7.8,38.4,Autumn,Afternoon,Pleasant
18.9,70.8,119.1,990.8,3.5,57.3,Rainy,Afternoon,Cool
17.2,79.4,78.7,1070.5,4.4,21.7,Spring,Morning,Cool
11.5,54.6,32.9,948.3,0.8,11.5,Winter,Night,Cold
10.1,33.8,81.3,893.2,3.4,2.5,Winter,Afternoon,Cold
6.9,78.7,26.6,965.9,4.3,34.9,Winter,Afternoon,Very Cold
37.8,36.8,101.7,852.4,9.0,36.3,Summer,Morning,Hot
25.6,83.5,41.7,980.1,5.6,65.1,Rainy,Morning,Comfortable
8.8,78.4,58.5,1007.7,0.2,19.5,Winter,Evening,Cold
-7.1,48.1,50.8,992.9,1.8,15.8,Winter,Night,Freezing
11.4,30.8,19.3,1099.0,2.3,20.1,Autumn,Afternoon,Cold
18.3,86.2,33.2,1065.6,3.0,81.2,Rainy,Afternoon,Cool
11.3,59.8,117.4,1052.5,4.9,37.9,Winter,Afternoon,Cold
30.4,77.5,45.4,954.5,1.1,73.2,Rainy,Evening,Warm
32.7,81.0,70.6,951.9,11.5,86.1,Summer,Afternoon,Warm
-2.5,36.2,52.9,969.7,1.8,15.8,Winter,Night,Freezing
-3.0,83.6,1.0,1074.7,7.5,97.7,Winter,Morning,Freezing
20.4,87.9,3.1,865.9,2.5,70.7,Rainy,Afternoon,Pleasant
-17.9,47.9,17.2,1027.5,1.1,5.8,Winter,Evening,Very Freezing
21.3,39.7,72.7,934.2,5.1,12.6,Autumn,Morning,Pleasant
17.4,53.5,79.0,916.0,0.0,20.8,Spring,Evening,Cool
49.1,33.6,56.5,993.4,14.3,33.1,Summer,Afternoon,Extreme Heat
31.6,57.7,89.3,975.8,5.7,28.9,Summer,Morning,Warm
-9.9,66.5,51.2,1072.3,1.7,21.0,Winter,Night,Freezing
26.5,57.3,37.6,1038.4,0.4,15.5,Spring,Night,Comfortable
20.1,52.2,25.8,939.0,0.6,7.0,Autumn,Night,Pleasant
-2.1,83.8,33.8,970.2,0.9,47.2,Winter,Night,Freezing
18.7,38.8,33.9,908.3,6.1,1.2,Spring,Morning,Cool
44.0,29.2,111.8,1027.0,1.5,7.9,Summer,Night,Very Hot
45.8,24.5,25.6,946.3,12.4,16.7,Summer,Afternoon,Extreme Heat
21.8,79.4,19.7,1051.0,6.5,5.1,Spring,Afternoon,Pleasant
47.7,43.9,58.9,859.3,10.4,28.2,Summer,Morning,Extreme Heat
-11.9,72.5,40.7,885.8,7.0,12.4,Winter,Morning,Very Freezing
22.4,55.9,59.5,1033.1,1.6,26.7,Spring,Morning,Pleasant
15.8,37.7,86.0,959.3,0.8,5.5,Spring,Night,Cool
-14.5,72.0,59.1,934.7,2.0,22.1,Winter,Morning,Very Freezing
13.1,58.7,18.6,1016.7,5.2,3.5,Autumn,Afternoon,Cold
14.1,34.8,91.1,928.5,4.2,9.5,Autumn,Morning,Cold
2.8,48.1,47.0,915.5,0.7,16.4,Winter,Night,Very Cold
25.2,98.0,5.0,975.8,5.1,95.2,Rainy,Afternoon,Comfortable
39.3,44.1,29.0,1069.1,5.2,29.3,Summer,Morning,Hot
27.2,80.4,5.4,1080.0,4.3,41.7,Rainy,Afternoon,Comfortable
37.0,15.0,25.7,866.1,1.1,24.9,Summer,Night,Hot
29.7,92.4,98.9,1030.9,6.8,52.0,Rainy,Afternoon,Comfortable
19.7,65.1,86.0,906.1,1.7,36.7,Autumn,Morning,Cool
-14.6,73.6,109.8,892.4,1.6,37.3,Winter,Evening,Very Freezing
47.9,31.9,42.7,851.8,5.6,17.2,Summer,Morning,Extreme Heat
12.6,51.8,21.0,1062.2,0.6,23.9,Autumn,Night,Cold
39.5,13.0,113.2,941.3,1.8,31.2,Summer,Night,Hot
18.5,64.5,76.6,1007.2,4.9,39.5,Autumn,Afternoon,Cool
7.2,78.0,25.9,871.0,1.0,20.6,Winter,Evening,Very Cold
20.3,36.1,103.5,1059.8,5.6,20.1,Autumn,Morning,Pleasant
18.1,85.7,101.7,939.2,1.8,65.3,Rainy,Morning,Cool
3.4,63.5,77.2,872.0,7.3,15.6,Winter,Afternoon,Very Cold
-3.8,51.5,103.6,1082.3,0.6,34.6,Winter,Night,Freezing
27.8,60.6,33.4,949.6,0.3,30.5,Spring,Evening,Comfortable
19.2,65.5,102.2,1002.3,7.0,10.6,Spring,Morning,Cool
27.2,98.4,93.0,1050.9,4.7,51.2,Rainy,Morning,Comfortable
19.6,85.9,33.0,869.9,0.9,73.3,Rainy,Evening,Cool
20.1,65.4,39.9,1038.7,1.3,25.5,Autumn,Night,Pleasant
18.2,89.4,45.1,1085.7,1.6,75.3,Rainy,Evening,Cool
30.1,48.7,57.2,924.0,10.1,6.6,Summer,Morning,Warm
27.7,81.3,109.6,981.3,1.4,66.2,Summer,Night,Comfortable
-8.1,46.6,69.4,974.5,5.1,11.5,Winter,Afternoon,Freezing
41.5,46.6,10.8,1042.6,11.2,23.9,Summer,Morning,Very Hot
27.6,92.8,13.5,983.4,0.2,92.4,Rainy,Evening,Comfortable
8.3,50.2,15.0,860.4,0.6,9.8,Winter,Night,Cold
18.3,83.2,47.0,994.3,5.9,78.0,Rainy,Morning,Cool
28.5,53.6,51.0,954.3,1.3,19.6,Summer,Night,Comfortable
20.6,84.5,111.3,926.9,1.8,90.4,Spring,Afternoon,Pleasant
46.5,19.1,26.4,900.3,14.2,34.1,Summer,Morning,Extreme Heat
17.1,55.5,30.4,976.3,0.1,5.3,Autumn,Night,Cool
6.3,53.3,62.1,942.5,6.2,31.4,Winter,Morning,Very Cold
42.6,39.8,95.4,1036.9,9.4,29.3,Summer,Morning,Very Hot
46.4,42.1,5.0,944.7,5.3,4.1,Summer,Morning,Extreme Heat
10.6,36.6,54.1,1077.7,1.6,20.8,Winter,Night,Cold
-1.7,38.7,15.0,897.1,0.7,37.2,Winter,Night,Freezing
20.6,57.1,31.9,1026.1,6.6,9.6,Spring,Morning,Pleasant
36.9,34.1,118.3,1084.4,1.7,35.6,Summer,Evening,Hot
47.4,25.7,115.4,953.9,1.2,28.4,Summer,Evening,Extreme Heat
13.4,71.0,62.5,917.1,6.4,22.1,Autumn,Morning,Cold
-8.7,56.5,74.1,951.2,0.4,38.5,Winter,Evening,Freezing
5.7,52.6,42.6,951.8,3.9,21.8,Winter,Morning,Very Cold
37.4,15.4,59.5,892.3,6.3,37.3,Summer,Afternoon,Hot
23.6,52.1,109.1,1009.5,6.4,14.7,Spring,Morning,Pleasant
21.5,77.0,20.7,917.7,0.6,10.8,Autumn,Evening,Pleasant
15.4,34.2,32.9,900.0,0.5,31.9,Spring,Night,Cool
15.6,40.5,20.1,895.3,1.3,18.4,Spring,Night,Cool
18.0,98.4,97.7,1076.0,1.1,96.0,Rainy,Morning,Cool
21.7,35.1,88.7,1090.0,5.7,22.8,Autumn,Morning,Pleasant
22.3,58.2,48.5,890.5,5.9,37.1,Autumn,Afternoon,Pleasant
21.4,84.4,95.5,850.9,1.3,75.8,Rainy,Night,Pleasant
21.5,92.6,76.1,983.2,0.8,57.5,Rainy,Evening,Pleasant
16.3,57.6,62.5,962.1,2.8,4.8,Autumn,Afternoon,Cool
28.6,72.8,6.7,1049.4,0.3,77.5,Rainy,Evening,Comfortable
19.7,48.4,83.5,1024.7,1.4,19.7,Autumn,Evening,Cool
-2.9,54.8,23.9,926.9,0.1,25.3,Winter,Evening,Freezing
20.8,48.0,29.1,892.3,6.4,5.2,Autumn,Morning,Pleasant
20.7,48.2,21.4,1041.3,1.6,22.7,Spring,Evening,Pleasant
19.1,42.1,81.3,1039.6,0.4,3.1,Spring,Night,Cool
32.3,59.8,2.8,869.9,0.8,37.7,Summer,Night,Warm
46.2,39.3,73.3,1055.1,0.8,8.9,Summer,Night,Extreme Heat
22.1,59.6,67.8,1087.2,7.3,35.0,Spring,Morning,Pleasant
19.2,65.9,94.9,914.7,0.7,43.8,Rainy,Night,Cool
5.6,39.1,42.2,916.2,3.4,28.3,Winter,Afternoon,Very Cold
38.9,14.0,96.6,942.5,11.5,29.0,Summer,Afternoon,Hot
11.0,63.9,51.4,895.6,1.9,30.2,Winter,Evening,Cold
11.7,48.7,45.3,1076.6,4.7,5.5,Winter,Afternoon,Cold
24.4,39.6,70.8,1023.8,3.4,27.8,Spring,Morning,Pleasant
24.6,78.4,30.1,1001.1,7.2,59.5,Rainy,Morning,Pleasant
25.9,73.0,98.7,923.9,1.4,70.8,Rainy,Night,Comfortable
20.5,90.7,22.6,878.4,1.1,82.6,Rainy,Night,Pleasant
17.1,59.2,96.7,1047.8,1.2,31.2,Autumn,Night,Cool
-17.2,72.8,59.2,991.0,1.3,36.9,Winter,Evening,Very Freezing
15.4,39.8,118.4,1028.8,1.2,1.9,Spring,Night,Cool
24.5,84.2,113.9,1099.7,2.6,83.6,Rainy,Morning,Pleasant
25.2,55.3,58.6,855.6,11.9,11.8,Summer,Afternoon,Comfortable
14.2,39.2,48.9,908.1,1.1,8.0,Autumn,Evening,Cold
19.8,32.9,7.1,926.3,7.3,25.7,Autumn,Morning,Cool
-15.0,75.9,1.0,903.3,1.2,15.0,Winter,Night,Very Freezing
15.4,84.9,74.8,989.7,1.4,56.4,Spring,Afternoon,Cool
15.0,66.4,119.9,915.8,1.2,27.9,Autumn,Evening,Cool
12.1,55.1,46.3,1028.6,1.5,38.9,Autumn,Afternoon,Cold
22.8,60.9,16.2,887.7,1.6,35.5,Spring,Evening,Pleasant
30.0,74.0,45.6,1067.8,1.3,60.5,Rainy,Night,Warm
-19.3,70.5,58.4,1053.3,7.7,37.0,Winter,Afternoon,Very Freezing
17.2,49.8,55.8,1022.5,7.2,8.3,Autumn,Morning,Cool
27.0,78.9,9.3,943.4,1.4,80.3,Rainy,Night,Comfortable
10.1,71.4,12.8,870.6,1.0,17.3,Autumn,Afternoon,Cold
23.3,46.3,85.3,892.3,1.7,22.9,Spring,Night,Pleasant
30.2,34.1,55.8,1003.9,0.2,38.0,Summer,Evening,Warm
15.3,55.5,10.6,1002.2,3.0,6.4,Autumn,Morning,Cool
20.0,75.7,98.7,904.7,2.7,78.5,Rainy,Morning,Pleasant
-12.4,44.0,58.9,1091.5,6.8,11.4,Winter,Morning,Very Freezing
-3.7,83.8,20.7,939.4,1.5,97.8,Winter,Night,Freezing
13.2,42.4,2.5,1001.0,5.7,24.1,Autumn,Morning,Cold
20.6,77.1,41.8,967.3,3.3,46.4,Rainy,Morning,Pleasant
8.9,35.4,84.5,934.5,3.2,37.3,Winter,Afternoon,Cold
23.4,45.1,60.9,1046.6,7.2,33.5,Spring,Morning,Pleasant
31.2,66.4,85.2,852.7,0.9,33.7,Summer,Evening,Warm
32.8,77.9,18.7,901.6,1.4,14.1,Summer,Evening,Warm
-14.5,43.9,18.8,1088.2,3.8,13.5,Winter,Afternoon,Very Freezing
20.1,79.7,8.2,977.7,4.2,86.0,Rainy,Morning,Pleasant
20.8,42.4,87.2,1027.0,2.1,36.6,Spring,Afternoon,Pleasant
15.7,40.3,109.1,980.0,6.5,9.1,Spring,Afternoon,Cool
25.1,74.8,59.2,901.3,6.2,28.0,Spring,Morning,Comfortable
20.8,83.5,102.0,1026.6,0.6,49.9,Spring,Night,Pleasant
13.9,55.9,110.1,946.8,4.9,32.1,Autumn,Morning,Cold
49.9,48.3,101.2,1022.1,0.6,36.5,Summer,Evening,Extreme Heat
8.0,80.5,72.4,1050.8,1.6,51.6,Winter,Evening,Cold
-15.4,50.7,80.7,1045.6,4.7,23.6,Winter,Afternoon,Very Freezing
18.7,38.9,29.9,906.2,4.6,22.5,Spring,Morning,Cool
-13.2,65.3,98.1,990.1,2.8,10.5,Winter,Morning,Very Freezing
32.6,71.0,5.7,904.8,1.4,31.3,Summer,Night,Warm
27.8,78.6,19.2,949.5,5.1,96.9,Rainy,Afternoon,Comfortable
24.7,76.4,86.6,868.7,1.8,41.2,Rainy,Evening,Pleasant
24.5,79.4,30.8,852.5,2.9,46.6,Rainy,Afternoon,Pleasant
22.5,91.9,24.8,1075.1,4.7,46.9,Rainy,Morning,Pleasant
30.2,41.0,60.8,1018.0,1.8,20.1,Summer,Night,Warm
22.1,57.5,16.9,904.5,5.5,16.9,Autumn,Morning,Pleasant
-3.2,31.0,88.1,868.4,5.4,31.7,Winter,Morning,Freezing
21.7,72.8,31.3,890.7,3.4,22.2,Spring,Morning,Pleasant
-15.4,55.2,32.2,1060.5,3.2,33.5,Winter,Afternoon,Very Freezing
28.2,82.9,74.6,948.8,6.4,65.5,Rainy,Afternoon,Comfortable
17.2,75.8,79.1,937.3,1.3,25.7,Autumn,Night,Cool
46.0,35.9,41.0,1044.9,1.2,39.4,Summer,Evening,Extreme Heat
19.1,67.4,76.8,1084.8,1.0,83.5,Rainy,Afternoon,Cool
47.1,18.6,76.1,1040.2,2.0,7.2,Summer,Evening,Extreme Heat
-8.1,39.7,50.6,1048.5,4.3,21.5,Winter,Morning,Freezing
15.7,35.9,108.7,860.3,4.0,2.1,Autumn,Morning,Cool
3.1,65.6,4.0,850.3,0.2,30.5,Winter,Night,Very Cold
-10.7,58.3,68.8,1081.4,1.3,16.6,Winter,Night,Very Freezing
21.0,41.0,15.7,1019.0,4.9,31.6,Autumn,Morning,Pleasant
14.5,59.3,13.6,1057.1,2.8,31.1,Winter,Morning,Cold
4.4,62.8,55.2,941.1,3.5,25.5,Winter,Morning,Very Cold
3.7,40.9,59.3,1047.9,4.3,21.5,Winter,Morning,Very Cold
25.3,43.7,86.3,1000.9,1.8,2.0,Summer,Night,Comfortable
25.3,49.7,14.2,1099.1,6.5,16.3,Spring,Morning,Comfortable
3.8,73.4,97.8,871.2,5.4,0.3,Winter,Morning,Very Cold
22.7,59.0,88.3,1059.6,1.9,34.8,Autumn,Evening,Pleasant
-8.2,38.5,48.0,941.6,1.1,26.6,Winter,Night,Freezing
5.5,65.4,40.2,858.6,3.0,30.7,Winter,Afternoon,Very Cold
4.9,61.9,20.6,915.4,4.5,16.7,Winter,Afternoon,Very Cold
28.3,85.1,98.7,990.7,7.8,53.0,Rainy,Morning,Comfortable
23.2,74.8,21.6,988.1,0.4,52.0,Rainy,Night,Pleasant
5.2,70.1,12.0,1029.4,1.4,33.2,Winter,Evening,Very Cold
15.3,50.5,17.9,989.6,7.4,15.7,Spring,Morning,Cool
-20.0,39.3,3.7,932.0,7.4,3.9,Winter,Morning,Very Freezing
24.3,97.8,14.7,903.0,1.2,66.0,Rainy,Afternoon,Pleasant
15.3,58.7,76.4,908.6,5.1,25.9,Spring,Morning,Cool
44.4,22.5,68.1,1095.4,14.0,38.1,Summer,Morning,Very Hot
1.7,34.6,98.9,1019.3,2.4,3.2,Winter,Afternoon,Very Cold
14.1,43.9,39.7,917.4,4.6,17.6,Autumn,Morning,Cold
-6.5,43.8,19.9,937.4,1.5,30.3,Winter,Evening,Freezing
18.0,62.3,68.5,971.1,4.8,19.7,Spring,Morning,Cool
20.0,36.0,90.0,884.0,1.5,39.0,Autumn,Morning,Pleasant
-17.9,54.4,22.3,971.3,1.7,38.0,Winter,Evening,Very Freezing
26.1,88.3,52.7,1088.3,1.2,53.2,Rainy,Night,Comfortable
33.1,55.9,98.2,881.2,1.7,35.9,Summer,Evening,Warm
-6.1,41.9,44.8,933.2,2.2,24.3,Winter,Morning,Freezing
30.1,66.1,77.3,1040.7,1.5,93.2,Rainy,Evening,Warm
23.0,48.3,60.4,853.5,1.0,9.6,Autumn,Morning,Pleasant
18.4,39.7,3.4,1077.3,1.1,29.4,Spring,Afternoon,Cool
47.3,36.2,80.7,851.3,14.8,35.1,Summer,Morning,Extreme Heat
23.6,49.0,107.2,922.9,1.1,4.0,Spring,Night,Pleasant
16.8,42.4,67.0,1041.0,5.3,9.3,Spring,Morning,Cool
28.6,99.5,97.2,965.1,1.8,64.6,Rainy,Evening,Comfortable
14.8,40.3,98.5,1078.7,4.8,29.1,Autumn,Afternoon,Cold
18.0,38.1,78.5,1020.3,6.3,20.1,Spring,Afternoon,Cool
29.3,87.2,36.4,1095.7,2.9,52.2,Rainy,Morning,Comfortable
18.8,99.2,70.6,989.2,1.3,69.8,Rainy,Evening,Cool
26.6,35.9,78.0,928.1,8.5,19.5,Summer,Afternoon,Comfortable
31.5,79.6,31.9,925.6,2.9,71.9,Rainy,Afternoon,Warm
14.3,48.6,84.4,905.7,0.5,20.5,Winter,Night,Cold
20.3,74.2,4.3,1026.1,4.4,45.7,Rainy,Afternoon,Pleasant
43.7,46.6,115.0,852.6,14.9,27.3,Summer,Afternoon,Very Hot
30.1,70.1,100.5,853.9,1.3,66.1,Rainy,Evening,Warm
-16.2,54.2,14.8,971.6,1.3,33.1,Winter,Night,Very Freezing
-3.6,80.9,47.7,1006.2,6.5,87.0,Winter,Morning,Freezing
30.0,78.7,106.6,910.1,0.6,43.2,Rainy,Night,Warm
13.6,50.1,52.1,882.8,4.2,32.4,Autumn,Morning,Cold
-5.6,58.5,4.0,1018.6,0.8,17.8,Winter,Night,Freezing
25.5,42.5,57.1,956.1,13.6,21.7,Summer,Afternoon,Comfortable
1.9,70.0,81.5,967.6,0.8,15.0,Winter,Evening,Very Cold
21.9,78.1,20.5,884.1,1.3,12.0,Autumn,Evening,Pleasant
22.4,42.5,111.5,1029.4,6.3,8.1,Autumn,Afternoon,Pleasant
25.3,71.0,36.7,930.4,2.1,52.3,Rainy,Afternoon,Comfortable
20.3,66.0,75.5,1094.0,0.7,47.1,Rainy,Night,Pleasant
11.7,73.1,74.7,928.8,4.8,3.6,Winter,Afternoon,Cold
-11.7,78.1,104.2,1007.7,0.9,26.9,Winter,Evening,Very Freezing
-5.4,50.9,45.9,997.3,5.5,18.1,Winter,Morning,Freezing
11.2,49.1,50.3,854.2,3.6,10.9,Autumn,Morning,Cold
14.5,44.7,116.0,890.0,1.6,39.4,Autumn,Evening,Cold
-8.7,80.9,95.2,1080.6,5.7,54.1,Winter,Afternoon,Freezing
19.2,88.9,81.6,1017.3,1.9,89.4,Rainy,Evening,Cool
24.6,78.9,37.2,962.8,0.8,65.9,Rainy,Night,Pleasant
16.2,80.7,57.6,1005.9,6.8,61.6,Spring,Afternoon,Cool
15.7,50.6,111.1,1057.2,0.2,4.3,Autumn,Night,Cool
16.3,64.1,17.2,980.6,1.1,12.7,Spring,Afternoon,Cool
16.8,83.8,104.9,939.8,1.3,90.7,Autumn,Afternoon,Cool
21.9,77.9,9.3,1028.4,0.0,42.8,Rainy,Night,Pleasant
20.4,46.4,109.5,898.2,3.7,37.6,Spring,Afternoon,Pleasant
-12.2,68.8,22.9,988.2,0.5,38.2,Winter,Night,Very Freezing
30.0,43.3,49.7,908.2,9.9,34.9,Summer,Afternoon,Warm
15.0,48.3,4.6,886.7,7.4,39.9,Autumn,Afternoon,Cool
14.0,52.1,88.7,1092.1,0.9,33.2,Autumn,Night,Cold
46.8,19.1,1.0,973.0,10.3,8.1,Summer,Afternoon,Extreme Heat
20.7,55.9,38.1,1005.7,1.3,30.8,Autumn,Evening,Pleasant
22.3,78.8,114.9,1066.9,0.0,15.2,Autumn,Evening,Pleasant
34.2,63.1,72.8,941.3,1.8,20.1,Summer,Night,Warm
18.3,64.8,6.4,910.8,1.6,2.0,Autumn,Evening,Cool
27.2,80.2,41.6,854.8,1.7,48.6,Rainy,Night,Comfortable
22.4,43.5,59.7,1052.3,0.9,38.0,Spring,Night,Pleasant
-8.3,52.0,50.8,1006.5,3.0,38.8,Winter,Afternoon,Freezing
35.0,65.5,47.4,1054.4,1.1,1.7,Summer,Night,Hot
39.1,48.0,8.7,923.8,0.4,22.2,Summer,Evening,Hot
12.2,65.4,64.4,918.7,4.4,29.8,Autumn,Afternoon,Cold
18.8,49.0,89.6,1061.7,3.6,11.9,Spring,Morning,Cool
32.0,88.5,118.8,1015.0,6.1,63.3,Rainy,Morning,Warm
-15.0,75.3,111.7,1005.9,0.7,6.2,Winter,Evening,Very Freezing
23.5,88.7,57.1,1098.4,1.5,97.1,Rainy,Evening,Pleasant
26.7,74.8,55.1,912.9,0.7,0.8,Spring,Evening,Comfortable
37.6,31.0,116.9,1077.9,0.3,14.8,Summer,Evening,Hot
45.0,31.0,68.7,1063.3,1.6,5.3,Summer,Night,Extreme Heat
24.1,75.3,6.0,971.8,3.5,55.1,Rainy,Afternoon,Pleasant
28.8,73.6,5.9,1062.2,0.0,96.2,Rainy,Evening,Comfortable
-8.7,43.6,1.1,908.9,2.0,24.5,Winter,Morning,Freezing
6.2,55.4,72.2,1047.4,0.4,2.6,Winter,Night,Very Cold
26.6,72.2,86.3,1070.4,1.3,2.7,Summer,Evening,Comfortable
29.2,68.4,93.6,932.5,8.2,22.3,Summer,Afternoon,Comfortable
19.9,59.4,81.5,1068.4,4.0,16.5,Autumn,Morning,Cool
0.4,33.9,107.1,857.7,1.5,30.4,Winter,Evening,Very Cold
-9.4,73.8,40.3,850.8,1.9,23.7,Winter,Night,Freezing
21.6,33.7,20.5,927.8,3.2,26.4,Autumn,Afternoon,Pleasant
21.4,41.6,45.8,985.9,0.9,5.1,Spring,Evening,Pleasant
19.0,78.2,85.2,855.0,1.1,60.1,Rainy,Evening,Cool
19.3,73.1,5.6,1026.3,1.7,66.0,Rainy,Evening,Cool
9.6,46.3,42.5,1076.5,7.3,39.1,Winter,Afternoon,Cold
14.0,40.1,45.5,1073.6,0.0,27.1,Autumn,Night,Cold
17.1,47.7,27.0,1069.5,4.4,22.5,Spring,Afternoon,Cool
23.3,57.3,2.1,933.7,0.4,27.2,Spring,Evening,Pleasant
-0.3,41.6,113.9,933.9,0.7,36.9,Winter,Night,Freezing
31.5,65.8,36.8,1016.5,7.2,55.4,Rainy,Morning,Warm
39.9,42.0,47.7,903.0,14.1,37.3,Summer,Morning,Hot
18.1,68.8,68.8,855.9,0.8,58.2,Rainy,Night,Cool
18.1,64.0,48.6,926.1,5.8,33.9,Autumn,Afternoon,Cool
48.3,38.7,91.8,892.0,9.2,19.4,Summer,Morning,Extreme Heat
38.2,21.6,82.5,967.6,0.9,39.3,Summer,Night,Hot
23.1,76.2,107.4,974.2,5.2,50.8,Rainy,Afternoon,Pleasant
-4.4,61.1,56.5,862.0,1.8,17.8,Winter,Night,Freezing
16.8,30.2,29.4,1026.1,0.2,36.4,Spring,Evening,Cool
20.9,71.4,1.7,1043.0,1.8,76.8,Rainy,Night,Pleasant
48.9,19.9,87.8,959.9,8.0,18.2,Summer,Morning,Extreme Heat
45.0,19.7,87.0,867.1,14.6,7.7,Summer,Morning,Extreme Heat
15.9,31.8,89.3,883.3,1.9,0.9,Spring,Morning,Cool
21.7,67.3,44.3,1058.2,3.3,83.7,Rainy,Morning,Pleasant
-8.9,71.2,16.4,1074.5,0.5,14.1,Winter,Evening,Freezing
39.5,24.6,114.0,932.3,0.2,39.9,Summer,Night,Hot
9.8,39.1,87.8,981.1,2.0,22.1,Winter,Evening,Cold
24.8,63.6,43.7,902.5,6.4,19.5,Spring,Afternoon,Pleasant
20.7,70.8,93.3,907.2,4.7,67.1,Rainy,Morning,Pleasant
30.3,95.4,54.1,853.8,4.0,76.4,Rainy,Afternoon,Warm
2.8,38.5,77.6,895.7,1.5,13.6,Winter,Night,Very Cold
26.2,52.4,84.6,906.7,13.0,25.2,Summer,Afternoon,Comfortable
33.8,56.5,71.7,968.1,12.0,17.3,Summer,Morning,Warm
13.0,30.3,36.1,1037.2,1.6,8.1,Autumn,Evening,Cold
-3.1,47.5,43.3,1017.3,1.3,9.3,Winter,Night,Freezing
30.1,82.8,52.0,944.2,6.0,80.3,Rainy,Morning,Warm
3.5,43.9,2.2,1024.8,5.5,16.4,Winter,Morning,Very Cold
26.3,88.0,7.7,891.5,3.1,72.4,Rainy,Afternoon,Comfortable
14.5,49.6,30.7,913.7,7.6,25.4,Autumn,Morning,Cold
17.6,53.6,59.3,863.8,7.7,5.1,Spring,Morning,Cool
-2.2,48.9,22.1,876.6,7.8,8.0,Winter,Afternoon,Freezing
21.6,82.7,116.0,993.7,7.2,79.1,Rainy,Morning,Pleasant
22.0,55.9,104.2,922.9,0.3,34.2,Autumn,Night,Pleasant
12.8,32.9,60.1,943.7,5.4,31.7,Winter,Afternoon,Cold
16.4,72.0,61.3,989.2,0.8,18.4,Spring,Evening,Cool
19.4,53.8,98.0,899.1,2.4,25.8,Autumn,Morning,Cool
5.4,85.0,118.8,1036.1,6.2,54.9,Winter,Afternoon,Very Cold
20.3,82.9,9.8,959.0,1.1,64.3,Spring,Night,Pleasant
18.3,71.6,77.4,908.6,1.5,10.3,Autumn,Night,Cool
24.0,76.4,57.8,982.8,3.1,19.8,Spring,Afternoon,Pleasant
13.5,74.0,80.2,984.5,1.6,19.8,Winter,Evening,Cold
12.2,65.6,111.5,888.4,2.3,17.3,Autumn,Morning,Cold
14.1,44.0,74.4,983.9,0.1,3.3,Autumn,Night,Cold
16.5,83.4,81.4,852.5,4.4,64.9,Autumn,Afternoon,Cool
12.3,74.3,27.6,914.0,0.1,11.9,Winter,Evening,Cold
24.1,71.7,108.5,899.5,0.1,41.2,Rainy,Night,Pleasant
3.2,47.1,38.4,934.9,5.8,2.3,Winter,Morning,Very Cold
21.1,100.0,20.6,1042.9,2.6,44.9,Rainy,Afternoon,Pleasant
30.0,79.1,84.3,989.3,1.7,58.9,Rainy,Evening,Warm
24.8,77.4,107.0,891.5,2.0,74.6,Rainy,Morning,Pleasant
12.0,51.4,49.4,889.7,7.5,0.1,Autumn,Afternoon,Cold
10.9,47.4,84.5,913.2,6.3,22.4,Winter,Afternoon,Cold
15.6,67.9,108.7,882.7,5.0,10.1,Autumn,Morning,Cool
23.0,76.7,57.6,1067.6,0.7,37.1,Spring,Evening,Pleasant
26.6,62.3,110.1,986.6,1.0,8.9,Spring,Evening,Comfortable
20.0,95.4,81.1,1098.4,0.2,54.4,Rainy,Evening,Pleasant
-11.1,78.1,110.9,1017.6,7.5,15.9,Winter,Morning,Very Freezing
-18.5,79.9,58.1,965.1,1.1,6.0,Winter,Evening,Very Freezing
45.8,10.6,32.8,850.6,9.2,29.1,Summer,Morning,Extreme Heat
18.5,64.7,63.6,867.2,1.9,35.5,Spring,Night,Cool
27.3,55.4,37.3,972.6,1.5,6.7,Spring,Night,Comfortable
43.7,31.6,103.9,883.0,11.0,18.0,Summer,Afternoon,Very Hot
31.3,50.5,13.0,912.9,0.5,28.8,Summer,Evening,Warm
16.2,32.7,40.2,977.3,1.1,10.7,Spring,Evening,Cool
15.2,32.5,36.0,982.8,0.8,11.0,Autumn,Night,Cool
15.8,38.6,53.0,976.6,0.8,17.6,Spring,Evening,Cool
25.0,35.8,92.3,1022.2,1.5,29.4,Spring,Night,Comfortable
22.4,89.5,99.2,1032.8,2.0,56.4,Rainy,Evening,Pleasant
20.7,49.9,88.1,876.0,1.6,21.3,Autumn,Night,Pleasant
3.0,65.3,25.1,857.6,4.0,22.8,Winter,Afternoon,Very Cold
27.1,59.1,90.5,959.8,1.5,8.2,Spring,Night,Comfortable
26.9,65.6,86.7,1058.9,3.8,66.9,Rainy,Morning,Comfortable
46.7,39.7,113.9,1085.0,8.8,17.9,Summer,Afternoon,Extreme Heat
3.1,50.0,94.3,880.4,0.2,8.2,Winter,Evening,Very Cold
23.7,55.8,41.6,1065.6,1.7,0.9,Spring,Evening,Pleasant
15.1,52.9,99.8,927.5,1.9,7.2,Autumn,Evening,Cool
23.7,43.9,39.0,1058.7,1.5,13.2,Spring,Night,Pleasant
26.6,64.4,50.0,1005.6,7.1,13.5,Summer,Morning,Comfortable
-0.6,63.0,117.2,1010.5,1.2,29.0,Winter,Afternoon,Freezing
44.9,33.4,80.6,1097.5,0.2,26.7,Summer,Night,Very Hot
40.2,16.1,24.8,1005.4,6.3,10.6,Summer,Afternoon,Very Hot
14.6,56.8,112.9,906.8,3.7,24.3,Autumn,Morning,Cold
-19.7,54.1,30.7,880.0,7.4,39.9,Winter,Afternoon,Very Freezing
10.5,45.1,100.2,923.5,0.1,2.1,Autumn,Night,Cold
12.6,45.7,51.3,875.5,1.0,27.9,Winter,Night,Cold
9.5,30.6,76.4,948.5,3.1,26.3,Winter,Morning,Cold
22.3,31.7,55.4,965.7,1.1,26.8,Spring,Evening,Pleasant
30.2,71.0,51.1,896.8,6.4,68.5,Rainy,Afternoon,Warm
19.7,76.9,66.5,1029.5,1.8,36.1,Spring,Evening,Cool
19.8,75.6,48.0,858.5,6.7,21.8,Spring,Morning,Cool
21.5,85.8,25.0,931.0,1.3,92.9,Rainy,Evening,Pleasant
24.9,66.5,29.5,1066.7,4.1,1.8,Spring,Afternoon,Pleasant
20.7,33.8,17.7,1023.6,1.8,25.3,Autumn,Evening,Pleasant
13.2,48.8,52.8,1026.8,5.1,12.7,Winter,Afternoon,Cold
26.1,44.0,36.8,1058.6,0.6,16.4,Spring,Evening,Comfortable
-15.9,32.1,86.9,1011.3,0.6,11.8,Winter,Night,Very Freezing
49.7,28.9,96.3,1034.2,0.6,2.3,Summer,Night,Extreme Heat
29.7,90.6,79.7,882.7,1.3,86.3,Rainy,Night,Comfortable
25.3,67.6,2.3,1026.7,11.4,5.9,Summer,Afternoon,Comfortable
26.7,75.5,31.4,1022.2,14.2,13.6,Summer,Afternoon,Comfortable
16.5,38.7,70.8,1035.8,7.4,34.0,Autumn,Afternoon,Cool
20.1,74.0,59.2,878.9,4.1,33.7,Autumn,Afternoon,Pleasant
24.4,40.2,115.7,951.0,5.6,0.8,Spring,Afternoon,Pleasant
31.6,76.2,4.5,940.2,0.0,51.5,Rainy,Evening,Warm
31.1,68.1,66.9,913.5,0.3,53.1,Rainy,Evening,Warm
-4.8,37.4,32.7,897.7,7.2,28.3,Winter,Afternoon,Freezing
-6.6,47.2,45.7,854.6,1.4,14.0,Winter,Night,Freezing
22.8,54.0,117.7,939.1,1.2,12.5,Spring,Night,Pleasant
20.8,64.9,15.2,1033.3,2.9,17.9,Spring,Morning,Pleasant
36.3,45.2,50.5,1059.9,1.2,7.7,Summer,Evening,Hot
46.1,21.9,95.0,874.9,1.6,27.0,Summer,Evening,Extreme Heat
23.9,61.9,71.3,922.7,0.5,30.5,Spring,Night,Pleasant
36.2,37.8,9.6,998.6,10.9,27.4,Summer,Afternoon,Hot
20.8,48.1,97.0,882.7,7.7,25.4,Spring,Morning,Pleasant
11.1,73.2,35.6,986.3,0.4,17.8,Winter,Night,Cold
23.8,91.5,47.2,1056.6,2.9,56.7,Rainy,Morning,Pleasant
35.8,35.9,43.7,907.6,9.7,22.4,Summer,Morning,Hot
38.9,22.8,47.1,919.8,1.9,27.3,Summer,Night,Hot
23.4,76.7,48.2,1057.5,0.3,32.9,Spring,Evening,Pleasant
13.1,52.4,118.6,1045.9,5.0,4.6,Autumn,Morning,Cold
13.7,33.9,65.1,1072.3,1.4,10.0,Autumn,Night,Cold
21.3,81.7,35.2,953.9,1.6,72.8,Spring,Night,Pleasant
10.7,51.9,32.5,1099.8,3.2,35.4,Autumn,Afternoon,Cold
14.8,59.9,100.9,1070.8,0.3,13.6,Autumn,Evening,Cold
26.4,94.9,45.8,1035.0,1.3,62.5,Rainy,Evening,Comfortable
19.9,77.0,82.3,854.5,2.5,2.8,Autumn,Morning,Cool
43.9,14.4,100.6,988.9,11.9,38.9,Summer,Afternoon,Very Hot
22.6,36.9,47.2,1062.9,7.3,20.3,Autumn,Afternoon,Pleasant
19.9,75.8,14.6,1052.5,1.0,18.0,Autumn,Night,Cool
-2.2,82.0,65.8,1088.3,2.3,83.4,Winter,Morning,Freezing
23.8,63.4,67.8,1065.2,1.6,4.9,Spring,Night,Pleasant
19.4,36.8,10.2,861.6,1.8,13.7,Spring,Morning,Cool
29.7,78.8,97.0,980.1,1.4,14.7,Summer,Night,Comfortable
22.7,37.0,113.8,993.0,0.6,19.8,Autumn,Evening,Pleasant
-19.2,49.6,88.8,977.5,2.7,13.4,Winter,Afternoon,Very Freezing
21.8,59.1,115.4,930.2,1.0,32.5,Spring,Night,Pleasant
17.2,37.2,25.8,1014.1,0.8,33.5,Autumn,Evening,Cool
29.3,78.2,94.6,937.9,0.3,42.0,Rainy,Evening,Comfortable
26.7,43.1,24.8,1092.5,0.1,31.4,Spring,Evening,Comfortable
-15.1,60.3,32.9,866.3,0.1,4.6,Winter,Night,Very Freezing
24.9,56.7,41.1,954.6,7.5,36.4,Spring,Afternoon,Pleasant
22.5,78.3,73.6,1005.9,4.4,64.0,Rainy,Afternoon,Pleasant
21.8,68.5,42.3,950.7,1.1,88.9,Rainy,Afternoon,Pleasant
0.3,34.1,21.0,1072.4,1.2,38.0,Winter,Evening,Very Cold
-7.0,46.4,103.0,1099.7,1.3,31.8,Winter,Evening,Freezing
19.6,61.6,100.0,1022.0,0.0,13.5,Spring,Night,Cool
30.8,79.8,4.4,905.0,0.6,24.7,Summer,Evening,Warm
-12.4,39.0,28.4,975.6,0.5,37.9,Winter,Night,Very Freezing
26.5,70.1,39.5,1013.4,7.8,22.8,Summer,Afternoon,Comfortable
23.0,44.4,40.2,966.1,1.9,36.1,Autumn,Night,Pleasant
21.1,84.1,66.8,1015.3,0.7,62.9,Spring,Night,Pleasant
11.0,44.1,23.6,854.0,4.8,22.4,Autumn,Afternoon,Cold
21.8,87.8,16.2,979.7,6.4,49.9,Rainy,Morning,Pleasant
6.6,33.3,2.3,1093.5,2.4,32.9,Winter,Morning,Very Cold
21.7,69.5,59.6,951.8,5.9,94.3,Rainy,Afternoon,Pleasant
21.8,95.8,100.0,1082.3,0.9,86.1,Rainy,Night,Pleasant
32.8,84.7,4.6,890.6,13.9,43.6,Summer,Morning,Warm
25.9,53.6,90.5,995.8,1.9,34.7,Summer,Night,Comfortable
-1.9,34.1,98.0,1067.1,5.5,17.9,Winter,Morning,Freezing
27.9,96.3,114.7,978.6,6.6,97.9,Rainy,Morning,Comfortable
-19.4,77.8,23.4,860.6,0.3,15.4,Winter,Night,Very Freezing
27.7,68.7,85.5,873.7,6.1,29.6,Spring,Morning,Comfortable
21.5,30.3,119.0,895.7,4.3,34.9,Autumn,Morning,Pleasant
27.4,99.9,93.6,922.6,2.9,80.0,Rainy,Afternoon,Comfortable
22.5,59.0,19.2,1028.9,1.4,38.7,Spring,Night,Pleasant
17.8,74.9,26.6,935.7,1.5,22.8,Autumn,Night,Cool
20.6,62.3,109.1,897.1,1.6,5.2,Spring,Night,Pleasant
8.0,72.4,110.3,983.3,1.7,23.5,Winter,Afternoon,Cold
27.3,39.5,1.5,998.4,13.9,26.8,Summer,Afternoon,Comfortable
18.4,98.9,111.0,1083.8,0.7,71.9,Rainy,Night,Cool
26.7,73.5,48.9,991.1,6.6,10.9,Spring,Afternoon,Comfortable
45.7,38.3,57.5,996.2,14.9,24.1,Summer,Morning,Extreme Heat
24.1,69.4,54.5,968.5,4.3,1.3,Spring,Afternoon,Pleasant
21.2,53.5,76.2,1064.1,1.0,8.7,Autumn,Evening,Pleasant
15.0,69.5,13.3,911.0,0.6,22.4,Spring,Night,Cool
3.6,33.1,14.9,974.8,0.7,11.8,Winter,Evening,Very Cold
30.5,89.2,14.6,866.3,1.9,80.9,Rainy,Night,Warm
19.8,71.6,93.6,969.5,4.0,0.4,Autumn,Afternoon,Cool
18.4,41.2,110.4,1078.7,7.9,35.0,Autumn,Morning,Cool
21.8,75.3,27.7,874.6,2.0,11.8,Autumn,Evening,Pleasant
-19.9,31.2,55.9,909.7,1.4,22.6,Winter,Evening,Very Freezing
19.9,72.4,62.1,1026.1,7.2,36.6,Spring,Afternoon,Cool
12.6,44.4,90.2,942.5,0.3,3.9,Autumn,Night,Cold
20.1,84.6,15.8,862.3,1.4,89.9,Autumn,Night,Pleasant
19.5,82.5,61.3,1078.5,7.8,90.8,Autumn,Afternoon,Cool
47.5,41.7,65.6,955.5,1.2,17.8,Summer,Night,Extreme Heat
42.0,44.9,44.7,1060.4,9.3,16.1,Summer,Morning,Very Hot
42.4,42.3,79.6,887.8,6.0,22.9,Summer,Morning,Very Hot
22.7,45.2,21.0,1043.7,7.6,4.0,Spring,Morning,Pleasant
27.5,32.1,117.3,851.2,1.7,12.3,Spring,Evening,Comfortable
41.4,13.2,29.1,1043.4,1.1,37.1,Summer,Night,Very Hot
-1.6,73.5,13.8,1081.9,6.7,9.0,Winter,Afternoon,Freezing
40.6,12.9,100.4,893.6,5.7,16.0,Summer,Morning,Very Hot
9.9,83.6,52.7,865.1,1.5,73.9,Winter,Night,Cold
22.3,82.6,40.6,1039.3,4.8,92.6,Rainy,Afternoon,Pleasant
29.0,91.3,25.1,899.2,1.3,67.5,Rainy,Night,Comfortable
18.3,86.4,87.7,1098.3,1.4,53.9,Rainy,Evening,Cool
2.8,71.6,89.9,977.5,1.6,17.5,Winter,Evening,Very Cold
-0.2,82.4,95.2,994.7,1.3,95.8,Winter,Evening,Freezing
-8.4,83.7,103.6,930.8,0.9,64.9,Winter,Evening,Freezing
31.4,79.2,105.0,897.3,1.1,41.4,Rainy,Evening,Warm
1.9,32.8,25.3,868.6,3.0,25.1,Winter,Morning,Very Cold
23.0,60.2,32.8,911.1,2.0,34.0,Spring,Morning,Pleasant
-13.5,39.7,104.8,1035.7,5.6,16.3,Winter,Morning,Very Freezing
23.7,73.8,36.2,1061.9,6.3,11.9,Autumn,Afternoon,Pleasant
17.4,36.1,86.7,916.9,6.7,39.8,Spring,Afternoon,Cool
21.1,74.1,94.7,1040.0,3.4,18.2,Spring,Afternoon,Pleasant
33.4,58.5,27.2,994.8,1.2,8.3,Summer,Evening,Warm
-10.5,45.1,13.6,878.5,3.4,30.5,Winter,Afternoon,Very Freezing
-16.4,76.9,72.2,1090.2,5.7,7.0,Winter,Morning,Very Freezing
41.2,11.1,1.8,882.4,0.5,17.2,Summer,Evening,Very Hot
16.8,67.0,71.5,923.6,0.0,3.1,Spring,Evening,Cool
-14.6,50.7,75.4,986.8,2.6,13.8,Winter,Afternoon,Very Freezing
26.2,71.4,66.4,940.6,0.7,35.2,Spring,Night,Comfortable
29.6,53.4,47.0,978.3,13.1,22.1,Summer,Afternoon,Comfortable
21.7,63.2,52.5,1055.8,7.5,25.6,Spring,Afternoon,Pleasant
16.1,62.6,28.0,1085.3,5.1,12.4,Autumn,Morning,Cool
21.2,80.8,116.3,975.6,0.4,79.5,Spring,Evening,Pleasant
26.3,77.4,112.1,1073.5,1.6,28.7,Spring,Night,Comfortable
-1.7,77.4,59.0,881.9,0.0,27.1,Winter,Evening,Freezing
26.9,34.0,23.5,971.3,12.8,19.4,Summer,Afternoon,Comfortable
13.6,76.8,42.7,907.4,2.2,12.9,Autumn,Morning,Cold
25.8,63.3,74.3,982.4,12.6,1.6,Summer,Morning,Comfortable
22.0,81.0,10.9,878.4,0.1,46.3,Autumn,Night,Pleasant
49.3,36.7,93.4,1044.0,1.1,31.9,Summer,Evening,Extreme Heat
14.2,84.5,75.9,910.5,0.9,84.4,Autumn,Evening,Cold
15.9,39.3,95.0,1012.1,1.1,6.7,Spring,Night,Cool
49.0,11.6,9.4,1071.2,13.2,24.7,Summer,Morning,Extreme Heat
31.9,72.5,50.1,923.0,6.4,85.8,Rainy,Afternoon,Warm
27.0,30.6,51.3,952.6,14.9,18.8,Summer,Afternoon,Comfortable
30.5,82.2,71.9,873.9,0.8,96.7,Rainy,Night,Warm
30.7,74.6,60.6,1089.7,2.2,83.2,Rainy,Afternoon,Warm
-7.7,47.3,82.1,903.9,0.8,7.5,Winter,Evening,Freezing
27.6,53.7,116.3,885.1,1.2,8.0,Spring,Evening,Comfortable
21.0,36.2,109.4,898.7,1.2,39.4,Autumn,Night,Pleasant
13.5,48.8,12.7,897.1,4.5,31.7,Winter,Afternoon,Cold
19.5,76.5,113.4,1066.2,1.5,26.0,Spring,Morning,Cool
18.1,66.8,109.9,1077.1,0.5,72.8,Rainy,Night,Cool
-2.6,51.6,58.0,1047.6,1.0,31.3,Winter,Evening,Freezing
21.5,76.4,9.3,974.3,2.0,88.7,Rainy,Morning,Pleasant
44.1,48.2,101.9,1087.9,10.7,6.6,Summer,Morning,Very Hot
46.7,44.6,83.2,1006.2,0.0,29.9,Summer,Evening,Extreme Heat
31.5,60.3,54.2,853.9,1.6,35.2,Summer,Night,Warm
49.0,14.8,88.5,882.1,8.8,23.4,Summer,Afternoon,Extreme Heat
38.4,19.2,89.2,982.0,9.1,10.8,Summer,Morning,Hot
11.0,32.4,26.1,1092.8,2.0,26.2,Autumn,Evening,Cold
15.5,52.0,21.4,850.3,1.7,28.6,Autumn,Night,Cool
-0.9,68.6,112.3,1016.4,2.9,22.8,Winter,Morning,Freezing
-0.5,58.5,103.1,1013.0,2.3,2.5,Winter,Morning,Freezing
15.2,47.5,44.2,943.9,7.9,12.2,Spring,Afternoon,Cool
16.7,58.1,18.4,1004.1,2.1,23.1,Spring,Afternoon,Cool
19.7,47.0,105.2,1045.4,1.1,32.7,Autumn,Morning,Cool
23.0,68.0,87.6,1067.8,1.9,95.6,Rainy,Night,Pleasant
27.0,92.4,51.9,998.7,0.7,59.6,Rainy,Night,Comfortable
16.4,41.7,24.2,1064.8,1.4,21.8,Autumn,Night,Cool
35.8,12.3,54.6,1048.9,8.9,15.3,Summer,Morning,Hot
-4.0,31.4,68.4,976.7,1.7,23.3,Winter,Night,Freezing
-1.9,68.5,11.3,1005.3,1.8,12.0,Winter,Evening,Freezing
45.5,30.5,86.2,927.8,8.1,26.7,Summer,Morning,Extreme Heat
12.8,42.4,56.2,912.6,1.6,16.1,Winter,Afternoon,Cold
21.8,75.4,43.2,1097.2,6.5,44.3,Rainy,Afternoon,Pleasant
23.2,79.0,41.0,966.1,1.8,10.9,Spring,Evening,Pleasant
25.8,83.9,38.9,908.9,3.3,97.3,Spring,Afternoon,Comfortable
22.3,52.2,47.5,898.3,4.8,34.0,Spring,Afternoon,Pleasant
22.4,66.6,74.0,1006.5,0.6,16.6,Autumn,Night,Pleasant
19.0,55.9,2.4,1033.4,3.9,21.0,Spring,Morning,Cool
23.0,59.2,82.0,1009.3,1.8,23.4,Spring,Night,Pleasant
-11.3,67.3,108.3,946.4,6.5,29.0,Winter,Afternoon,Very Freezing
22.6,37.2,116.1,1052.9,1.8,4.9,Spring,Morning,Pleasant
19.8,35.4,68.6,873.9,2.1,3.4,Spring,Morning,Cool
21.5,41.9,31.6,902.1,1.5,37.9,Autumn,Night,Pleasant
30.3,87.4,46.5,956.4,1.5,41.9,Rainy,Morning,Warm
13.9,56.2,56.5,947.1,6.7,18.0,Autumn,Morning,Cold
47.4,44.6,106.9,917.5,5.3,10.4,Summer,Morning,Extreme Heat
47.7,36.0,9.8,883.8,0.3,25.2,Summer,Night,Extreme Heat
22.0,81.7,24.2,927.4,2.7,61.5,Autumn,Afternoon,Pleasant
39.4,39.5,58.8,857.2,5.6,21.5,Summer,Morning,Hot
13.0,69.7,97.3,953.0,6.2,16.2,Autumn,Morning,Cold
6.7,84.6,41.4,952.8,0.3,52.2,Winter,Night,Very Cold
-17.6,32.6,7.3,1085.5,1.7,33.8,Winter,Night,Very Freezing
37.6,19.9,48.2,1029.7,13.8,17.4,Summer,Morning,Hot
31.0,68.8,103.5,889.8,4.4,53.1,Rainy,Morning,Warm
-0.4,50.9,103.6,1015.0,1.4,6.0,Winter,Night,Freezing
18.2,70.1,89.7,949.4,2.5,20.9,Spring,Morning,Cool
19.0,39.5,81.9,956.8,5.1,29.4,Autumn,Afternoon,Cool
19.7,36.5,30.1,884.9,3.7,11.4,Autumn,Morning,Cool
19.5,91.3,5.5,900.5,6.5,84.6,Rainy,Morning,Cool
18.7,86.3,48.8,929.1,1.3,66.2,Rainy,Night,Cool
26.9,72.8,6.8,981.3,1.6,33.5,Spring,Afternoon,Comfortable
17.2,31.1,3.8,976.8,6.1,4.8,Spring,Morning,Cool
33.2,42.0,47.0,989.9,1.4,38.6,Summer,Night,Warm
-0.0,70.4,114.1,870.9,0.0,1.2,Winter,Night,Very Cold
17.4,79.2,29.8,872.8,6.3,7.0,Spring,Morning,Cool
25.7,37.5,20.8,863.6,1.3,33.5,Summer,Evening,Comfortable
22.2,41.7,39.0,887.7,5.3,16.8,Autumn,Afternoon,Pleasant
24.9,60.0,75.3,1083.8,0.6,14.4,Spring,Night,Pleasant
40.3,42.8,41.2,898.4,0.4,29.3,Summer,Evening,Very Hot
23.8,79.4,16.3,912.6,1.1,32.0,Spring,Night,Pleasant
31.8,80.9,43.1,923.2,0.3,87.5,Rainy,Evening,Warm
20.4,82.4,98.9,970.3,1.3,66.1,Spring,Evening,Pleasant
26.5,68.3,6.3,1054.3,13.2,9.5,Summer,Morning,Comfortable
24.6,91.3,73.4,875.1,3.8,70.4,Rainy,Afternoon,Pleasant
20.5,99.4,45.1,900.1,0.8,76.8,Rainy,Night,Pleasant
40.3,47.3,23.5,1041.1,5.2,15.0,Summer,Afternoon,Very Hot
13.1,34.3,75.0,956.0,1.1,8.5,Winter,Evening,Cold
-13.3,44.9,102.5,992.9,0.9,6.0,Winter,Evening,Very Freezing
48.6,45.4,10.1,979.2,7.3,16.4,Summer,Morning,Extreme Heat
17.4,48.4,24.9,1050.1,5.4,18.7,Autumn,Morning,Cool
12.6,83.5,93.7,884.9,7.0,64.0,Winter,Afternoon,Cold
21.9,75.6,51.1,865.4,1.1,6.9,Spring,Evening,Pleasant
17.4,60.4,108.9,1006.1,0.6,11.8,Autumn,Night,Cool
-0.6,56.9,13.7,871.0,3.4,12.4,Winter,Afternoon,Freezing
27.2,83.1,20.1,1094.6,3.6,46.4,Rainy,Morning,Comfortable
10.6,78.8,1.3,1071.6,2.9,1.6,Winter,Morning,Cold
32.1,79.5,94.9,995.5,1.3,13.0,Summer,Night,Warm
23.9,36.4,101.9,975.0,3.7,24.5,Autumn,Morning,Pleasant
23.4,69.1,110.2,912.1,1.2,16.0,Spring,Evening,Pleasant
18.8,74.0,54.3,1054.4,1.1,13.5,Autumn,Evening,Cool
15.1,64.2,7.8,982.5,7.3,28.2,Autumn,Afternoon,Cool
19.5,41.4,13.3,1057.4,5.9,23.0,Autumn,Morning,Cool
24.2,94.7,73.9,923.1,3.9,82.4,Rainy,Morning,Pleasant
39.2,31.3,54.3,1094.1,5.5,7.2,Summer,Afternoon,Hot
11.9,62.4,68.1,1092.8,7.2,37.8,Autumn,Afternoon,Cold
46.7,15.2,76.0,1030.0,6.6,25.3,Summer,Afternoon,Extreme Heat
14.1,80.7,20.6,866.3,0.9,91.0,Autumn,Evening,Cold
10.1,55.5,3.0,1077.2,4.6,3.0,Autumn,Afternoon,Cold
23.4,97.9,83.1,1066.9,3.6,42.6,Rainy,Morning,Pleasant
13.2,50.3,1.2,1022.3,2.0,38.6,Winter,Evening,Cold
-13.7,61.1,76.5,1034.9,0.4,38.4,Winter,Night,Very Freezing
46.2,31.6,49.7,1094.3,10.8,34.7,Summer,Afternoon,Extreme Heat
27.5,84.2,0.4,860.0,0.4,51.2,Rainy,Evening,Comfortable
32.6,49.8,50.5,874.7,0.1,27.0,Summer,Evening,Warm
24.4,55.1,65.7,985.8,2.0,14.7,Spring,Night,Pleasant
23.4,39.7,67.3,1095.3,1.0,37.1,Spring,Night,Pleasant
26.1,66.5,70.4,918.6,0.1,89.3,Rainy,Evening,Comfortable
44.9,21.5,23.3,1093.5,8.6,24.1,Summer,Afternoon,Very Hot
30.8,88.6,48.4,1065.6,0.4,72.7,Rainy,Evening,Warm
18.8,74.9,78.4,1059.8,7.6,10.9,Autumn,Morning,Cool
24.8,89.6,27.3,851.0,3.4,98.1,Rainy,Afternoon,Pleasant
29.8,49.6,20.4,876.6,1.8,39.9,Summer,Evening,Comfortable
26.4,48.1,55.4,901.2,8.0,8.0,Summer,Morning,Comfortable
39.1,43.4,2.2,1050.5,1.9,1.3,Summer,Night,Hot
16.2,54.0,69.8,980.5,3.3,21.7,Spring,Afternoon,Cool
27.2,66.5,8.0,988.0,0.2,41.3,Rainy,Evening,Comfortable
-0.2,68.7,24.3,1017.1,0.4,24.5,Winter,Evening,Freezing
2.9,84.7,112.5,851.1,7.2,44.0,Winter,Morning,Very Cold
19.4,82.5,83.6,984.8,4.6,49.6,Spring,Morning,Cool
31.6,32.5,0.2,937.7,0.5,2.5,Summer,Night,Warm
-15.6,80.3,16.8,984.4,5.2,72.6,Winter,Afternoon,Very Freezing
-8.8,32.8,47.5,897.1,4.9,27.7,Winter,Morning,Freezing
23.4,94.5,26.3,1033.6,6.3,65.2,Rainy,Morning,Pleasant
21.1,35.1,5.5,877.9,2.3,20.2,Spring,Morning,Pleasant
18.1,81.4,114.6,1089.7,6.9,61.8,Spring,Afternoon,Cool
17.8,76.7,119.5,977.0,3.4,7.4,Autumn,Morning,Cool
16.3,46.9,60.1,907.9,4.8,8.8,Spring,Morning,Cool
30.7,68.0,26.0,1061.1,1.3,44.7,Rainy,Evening,Warm
-12.7,41.0,112.9,1040.4,5.9,9.6,Winter,Afternoon,Very Freezing
10.5,30.3,46.6,919.4,5.0,10.0,Winter,Afternoon,Cold
9.8,63.2,17.5,1031.6,0.4,17.3,Winter,Evening,Cold
42.3,49.0,115.5,908.7,6.0,5.9,Summer,Morning,Very Hot
43.1,37.0,40.3,892.4,10.8,19.3,Summer,Afternoon,Very Hot
16.2,48.6,35.2,902.9,0.5,3.8,Autumn,Night,Cool
-15.5,31.9,49.7,898.7,0.4,11.5,Winter,Night,Very Freezing
18.3,90.9,115.1,1065.6,0.3,59.6,Rainy,Evening,Cool
40.0,38.5,38.0,984.9,1.4,16.9,Summer,Evening,Very Hot
25.0,33.6,74.5,908.8,4.9,38.3,Spring,Afternoon,Comfortable
22.3,71.1,53.4,1086.2,1.6,25.5,Spring,Night,Pleasant
-12.3,83.4,87.3,937.4,1.6,71.0,Winter,Morning,Very Freezing
30.9,44.4,84.5,894.3,9.6,0.8,Summer,Morning,Warm
23.8,71.1,13.8,906.9,1.7,17.3,Spring,Morning,Pleasant
35.9,39.3,82.0,920.1,1.3,37.1,Summer,Evening,Hot
-8.5,61.4,29.5,1012.9,1.7,18.4,Winter,Night,Freezing
23.5,32.1,22.0,1073.4,1.9,31.2,Spring,Evening,Pleasant
32.7,43.6,46.1,863.8,13.1,39.4,Summer,Afternoon,Warm
25.6,71.9,51.7,975.4,7.3,55.7,Rainy,Morning,Comfortable
27.0,65.7,87.0,858.9,8.0,92.4,Rainy,Morning,Comfortable
-3.2,52.3,104.8,858.0,1.8,26.1,Winter,Evening,Freezing
2.0,62.4,64.5,1046.5,1.1,34.3,Winter,Night,Very Cold
8.2,39.9,97.6,1085.1,0.7,21.2,Winter,Evening,Cold
-4.9,54.5,37.0,1001.8,2.3,25.1,Winter,Afternoon,Freezing
15.8,48.2,27.7,1072.2,1.4,7.1,Spring,Afternoon,Cool
-3.2,32.5,0.9,1097.0,5.6,14.6,Winter,Morning,Freezing
39.1,37.8,92.1,1073.9,8.5,38.1,Summer,Afternoon,Hot
7.6,68.5,24.7,867.9,6.1,20.4,Winter,Afternoon,Very Cold
21.2,47.2,34.2,1032.6,2.9,28.6,Spring,Afternoon,Pleasant
7.0,37.9,24.6,1021.5,4.9,8.2,Winter,Morning,Very Cold
21.8,51.5,115.2,933.8,1.6,34.2,Spring,Night,Pleasant
34.5,71.1,109.5,1038.7,7.3,35.5,Summer,Morning,Warm
22.5,75.7,22.6,1046.1,5.2,35.7,Spring,Afternoon,Pleasant
15.9,68.8,65.2,981.4,0.6,23.8,Spring,Evening,Cool
18.9,90.7,38.6,936.7,2.5,66.7,Rainy,Morning,Cool
14.2,59.0,55.9,1099.9,3.7,15.5,Autumn,Morning,Cold
29.8,78.2,68.7,898.0,12.9,1.4,Summer,Morning,Comfortable
30.1,85.3,13.4,903.8,3.0,54.5,Rainy,Afternoon,Warm
30.0,70.9,31.9,961.4,6.0,62.6,Rainy,Morning,Warm
11.3,50.4,85.1,906.5,5.6,6.6,Autumn,Afternoon,Cold
11.7,81.1,66.2,1049.1,0.7,75.6,Autumn,Night,Cold
13.1,71.1,87.7,861.6,1.1,18.7,Winter,Night,Cold
21.6,74.4,49.4,910.8,1.9,91.4,Rainy,Morning,Pleasant
46.5,43.2,33.8,986.9,0.2,36.6,Summer,Evening,Extreme Heat
15.5,46.7,55.3,912.9,3.6,32.0,Autumn,Morning,Cool
-3.6,78.1,6.3,1072.3,2.5,27.1,Winter,Afternoon,Freezing
22.2,77.3,12.2,936.8,1.1,32.5,Spring,Night,Pleasant
35.0,40.4,91.1,872.7,1.0,2.6,Summer,Evening,Hot
22.8,60.6,48.6,957.3,2.6,18.2,Spring,Afternoon,Pleasant
21.9,38.0,3.6,1083.4,4.7,21.5,Autumn,Afternoon,Pleasant
22.4,81.9,116.2,1018.0,0.3,48.0,Rainy,Night,Pleasant
6.8,46.2,2.6,1086.0,0.3,0.4,Winter,Night,Very Cold
15.9,80.6,105.5,964.2,0.8,73.3,Autumn,Evening,Cool
10.7,81.7,22.4,899.6,4.3,69.5,Autumn,Morning,Cold
47.1,33.2,29.6,927.3,1.8,11.9,Summer,Evening,Extreme Heat
31.9,100.0,64.0,1056.6,2.0,62.5,Rainy,Evening,Warm
11.6,37.7,102.4,997.2,7.1,31.6,Autumn,Afternoon,Cold
-18.6,79.1,119.8,895.4,0.2,5.7,Winter,Night,Very Freezing
18.1,68.8,31.8,905.5,1.3,4.2,Autumn,Night,Cool
27.0,86.4,86.3,1010.7,1.0,80.9,Rainy,Night,Comfortable
13.4,30.1,67.2,997.7,1.9,14.5,Autumn,Night,Cold
17.6,33.9,92.7,912.4,5.3,27.5,Spring,Afternoon,Cool
10.7,54.4,34.2,1074.0,7.0,6.6,Winter,Afternoon,Cold
48.2,41.9,73.9,882.1,1.2,2.2,Summer,Evening,Extreme Heat
24.7,89.4,6.3,983.6,3.1,57.1,Rainy,Afternoon,Pleasant
-20.0,55.7,58.4,1065.8,0.9,14.5,Winter,Night,Very Freezing
-17.0,82.1,35.0,906.6,1.9,96.8,Winter,Afternoon,Very Freezing
24.6,57.5,57.0,877.5,1.1,9.9,Spring,Night,Pleasant
44.9,26.5,18.2,1046.3,0.2,7.6,Summer,Evening,Very Hot
30.7,96.5,12.3,885.7,1.7,63.9,Rainy,Evening,Warm
17.1,52.9,26.3,1030.2,1.3,4.0,Autumn,Night,Cool
39.0,20.0,24.8,884.0,9.2,5.4,Summer,Morning,Hot
-10.5,34.4,78.8,1013.5,0.2,12.8,Winter,Evening,Very Freezing
19.5,70.2,25.6,869.7,0.6,10.0,Autumn,Night,Cool
29.8,61.6,39.4,1055.1,0.4,18.6,Summer,Evening,Comfortable
21.3,33.1,117.3,1047.6,4.4,3.5,Spring,Morning,Pleasant
17.5,61.3,97.7,1042.1,1.6,35.2,Spring,Night,Cool
-5.8,61.3,94.9,1024.3,8.0,0.5,Winter,Morning,Freezing
6.9,53.5,98.3,1046.2,7.5,30.3,Winter,Afternoon,Very Cold
45.9,47.5,119.2,881.3,11.1,8.0,Summer,Afternoon,Extreme Heat
20.4,83.8,71.4,1062.6,0.0,42.2,Autumn,Night,Pleasant
15.4,78.9,36.2,958.0,4.7,10.9,Autumn,Afternoon,Cool
22.4,71.1,70.7,913.6,2.8,69.3,Rainy,Afternoon,Pleasant
16.6,39.7,29.7,1093.4,3.8,24.0,Spring,Afternoon,Cool
-15.0,40.3,107.0,851.9,1.6,20.7,Winter,Night,Very Freezing
41.8,27.3,13.9,875.7,12.5,8.8,Summer,Morning,Very Hot
31.7,99.3,45.4,856.4,1.5,89.9,Rainy,Night,Warm
21.9,38.1,16.8,995.9,2.0,3.9,Spring,Night,Pleasant
30.2,67.5,105.1,981.1,3.9,58.6,Rainy,Morning,Warm
25.8,44.0,39.8,975.1,0.0,36.2,Spring,Night,Comfortable
29.0,75.8,77.2,1070.6,3.8,44.0,Rainy,Morning,Comfortable
33.6,67.0,114.1,971.4,0.9,26.2,Summer,Evening,Warm
26.9,66.8,1.6,901.2,5.8,30.6,Spring,Afternoon,Comfortable
32.3,81.2,66.4,1024.1,11.0,47.4,Summer,Afternoon,Warm
-14.4,35.4,62.5,1030.1,1.4,18.0,Winter,Evening,Very Freezing
25.2,89.2,5.8,1027.5,5.1,51.9,Rainy,Afternoon,Comfortable
16.6,71.1,96.6,1034.1,7.5,17.9,Autumn,Morning,Cool
21.5,70.0,67.0,896.2,1.3,42.2,Rainy,Afternoon,Pleasant
18.3,49.7,107.3,867.5,2.0,24.7,Autumn,Evening,Cool
27.5,91.7,51.5,1065.4,0.3,56.7,Rainy,Night,Comfortable
21.0,73.4,110.1,869.5,4.0,71.9,Rainy,Morning,Pleasant
49.9,40.1,116.5,1046.8,1.9,28.3,Summer,Night,Extreme Heat
35.0,65.6,42.1,918.3,1.2,37.3,Summer,Evening,Hot
16.2,42.3,78.4,1021.4,1.4,1.1,Autumn,Night,Cool
22.7,91.0,91.2,1012.6,0.8,76.5,Rainy,Evening,Pleasant
24.9,35.5,47.6,875.9,1.7,22.0,Spring,Evening,Pleasant
25.2,45.6,14.3,875.7,0.2,23.7,Summer,Evening,Comfortable
23.1,95.2,50.9,1078.9,1.0,63.9,Rainy,Evening,Pleasant
11.0,34.9,78.2,971.7,1.6,36.7,Autumn,Night,Cold
25.4,84.0,111.8,1034.2,5.9,60.2,Spring,Morning,Comfortable
48.6,10.8,115.8,887.3,1.6,11.0,Summer,Evening,Extreme Heat
17.8,62.2,41.8,1014.3,0.0,2.6,Spring,Evening,Cool
35.5,42.6,106.6,911.2,10.7,30.7,Summer,Afternoon,Hot
15.7,58.8,16.2,856.5,2.1,25.1,Autumn,Morning,Cool
20.7,76.8,9.3,897.9,7.4,41.2,Rainy,Morning,Pleasant
33.3,60.2,24.0,855.1,10.6,18.6,Summer,Morning,Warm
28.7,76.3,17.5,1072.8,9.5,22.0,Summer,Morning,Comfortable
18.9,40.0,53.5,911.1,1.1,11.0,Spring,Evening,Cool
12.6,38.0,75.9,998.2,0.2,13.0,Winter,Evening,Cold
12.6,74.0,116.7,903.7,2.3,18.2,Autumn,Afternoon,Cold
18.7,31.1,64.9,1089.2,3.7,16.8,Spring,Morning,Cool
20.1,60.9,117.0,1022.2,7.3,28.0,Autumn,Afternoon,Pleasant
-14.5,48.9,87.0,853.9,0.6,25.7,Winter,Night,Very Freezing
22.2,82.0,50.6,876.5,7.6,42.7,Rainy,Afternoon,Pleasant
15.9,55.7,21.0,885.3,1.9,18.1,Spring,Afternoon,Cool
23.7,44.2,55.1,904.1,1.0,30.2,Autumn,Evening,Pleasant
35.8,28.7,84.6,927.2,8.2,2.4,Summer,Afternoon,Hot
14.9,68.8,64.5,967.3,1.0,25.5,Autumn,Evening,Cold
22.0,69.9,18.8,1009.8,1.7,64.6,Rainy,Evening,Pleasant
43.9,43.3,105.7,1001.7,1.7,0.6,Summer,Evening,Very Hot
15.4,67.6,107.7,933.1,1.9,0.5,Autumn,Night,Cool
16.7,37.0,97.9,1079.6,1.6,39.1,Spring,Night,Cool
-15.1,58.6,99.5,860.0,2.0,24.1,Winter,Evening,Very Freezing
36.5,40.1,95.1,908.3,14.3,34.7,Summer,Afternoon,Hot
18.9,82.1,97.6,874.7,0.1,49.2,Rainy,Evening,Cool
38.6,18.9,17.6,993.3,14.8,9.5,Summer,Afternoon,Hot
16.4,77.6,111.1,856.0,1.4,38.3,Autumn,Afternoon,Cool
47.4,31.0,16.4,991.3,1.3,34.3,Summer,Night,Extreme Heat
49.7,27.7,62.2,980.5,10.4,20.7,Summer,Morning,Extreme Heat
-19.9,35.4,12.2,1026.2,2.4,35.8,Winter,Morning,Very Freezing
39.6,16.0,100.5,1070.8,0.9,8.4,Summer,Evening,Hot
22.4,43.4,11.5,960.2,1.4,7.0,Autumn,Night,Pleasant
-5.1,79.0,51.5,983.4,7.7,12.0,Winter,Morning,Freezing
21.2,45.3,99.8,873.9,0.2,36.1,Autumn,Night,Pleasant
5.2,42.4,20.0,1058.7,0.7,18.2,Winter,Night,Very Cold
-6.5,72.4,98.6,1024.7,5.8,20.2,Winter,Morning,Freezing
21.5,73.1,114.0,856.9,0.3,74.2,Rainy,Night,Pleasant
-1.2,49.5,117.4,1026.0,1.7,1.6,Winter,Night,Freezing
7.3,71.6,97.6,851.1,4.5,28.2,Winter,Morning,Very Cold
27.1,67.9,21.8,968.9,1.3,48.8,Rainy,Evening,Comfortable
-11.6,42.5,47.4,1013.4,0.9,31.0,Winter,Evening,Very Freezing
19.8,66.7,105.4,870.0,2.0,41.3,Rainy,Afternoon,Cool
0.4,84.3,106.4,952.7,3.6,57.8,Winter,Morning,Very Cold
3.2,70.7,52.9,1072.1,1.6,31.4,Winter,Evening,Very Cold
34.3,55.2,38.9,895.7,0.3,37.8,Summer,Night,Warm
26.1,38.3,50.8,896.6,0.7,5.2,Summer,Night,Comfortable
19.3,80.0,118.0,932.2,1.8,90.6,Rainy,Evening,Cool
40.2,31.0,113.3,893.3,0.5,30.3,Summer,Evening,Very Hot
20.9,78.1,84.8,1040.1,4.7,37.0,Autumn,Morning,Pleasant
25.2,55.0,59.1,896.6,5.6,22.0,Spring,Afternoon,Comfortable
19.4,62.8,111.0,1080.1,0.6,29.4,Spring,Evening,Cool
29.7,68.1,75.7,976.0,1.1,95.6,Rainy,Night,Comfortable
25.1,32.9,4.6,957.5,0.1,31.6,Spring,Night,Comfortable
-19.0,32.2,73.5,1051.5,0.9,22.2,Winter,Evening,Very Freezing
18.5,42.4,73.6,1007.1,6.1,24.8,Autumn,Morning,Cool
25.8,69.7,34.5,973.2,5.4,51.0,Rainy,Afternoon,Comfortable
14.8,56.6,22.1,973.0,0.7,18.2,Autumn,Night,Cold
30.9,77.4,86.3,960.5,5.6,60.4,Rainy,Afternoon,Warm
-5.1,38.0,99.7,937.2,0.8,35.8,Winter,Evening,Freezing
20.0,82.6,76.6,892.8,7.0,71.9,Rainy,Afternoon,Pleasant
18.4,64.9,5.1,1100.0,3.5,2.5,Autumn,Afternoon,Cool
27.8,48.7,37.4,1076.5,5.1,8.6,Spring,Afternoon,Comfortable
49.8,13.5,103.5,947.6,1.0,36.6,Summer,Evening,Extreme Heat
20.4,78.5,67.3,944.9,0.1,26.9,Spring,Evening,Pleasant
26.9,69.5,12.6,909.9,0.4,14.2,Spring,Evening,Comfortable
1.6,47.5,81.3,1087.0,1.3,30.1,Winter,Evening,Very Cold
-19.5,33.0,33.8,1022.4,1.8,38.4,Winter,Night,Very Freezing
26.8,97.7,90.9,875.9,2.6,63.7,Rainy,Morning,Comfortable
-2.7,55.9,114.8,958.4,1.6,37.7,Winter,Night,Freezing
20.9,82.4,41.7,950.0,0.7,89.6,Rainy,Night,Pleasant
25.3,99.4,7.2,972.0,6.4,49.1,Rainy,Morning,Comfortable
-11.6,77.7,39.3,932.3,5.2,7.3,Winter,Morning,Very Freezing
-1.6,67.4,90.5,893.5,1.1,36.5,Winter,Night,Freezing
3.0,84.1,68.5,960.7,4.9,46.9,Winter,Morning,Very Cold
43.0,12.5,56.2,1056.9,0.9,6.0,Summer,Night,Very Hot
22.4,72.4,49.4,896.0,1.9,21.3,Autumn,Evening,Pleasant
14.7,84.2,62.6,885.2,0.4,68.9,Autumn,Night,Cold
23.9,92.3,42.6,1095.6,0.4,75.5,Rainy,Evening,Pleasant
5.7,84.7,98.3,988.9,4.4,90.1,Winter,Morning,Very Cold
14.6,51.8,118.9,889.0,0.5,3.6,Winter,Evening,Cold
35.6,30.4,21.8,1091.1,1.2,20.9,Summer,Evening,Hot
-3.0,76.1,26.4,937.8,1.1,39.1,Winter,Afternoon,Freezing
